

Návt	návt+Adv

Piäkká	Piäkká+N+Prop+Sem/Mal+Attr
Piäkká	Piäkká+N+Prop+Sem/Mal+Sg+Nom
Piäkká	pekkâđ+V+Ind+Prs+Sg3

hitruu	hitruu+A+Sg+Nom
hitruu	hitruu+A+Sg+Gen
hitruu	hitruu+A+Sg+Acc

Ucjuv	Ucjuv+N+Prop+Attr

piervâl	piervâl+N+Sg+Nom
piervâl	piervâl+N+Sg+Gen
piervâl	piervâl+N+Sg+Acc

/k/k*aabi	/k/k*aabi	+?

togo	togo+Adv

Hanssâ	Hanssâ+N+Prop+Sem/Sur+Sg+Nom
Hanssâ	Hanssâ+N+Prop+Sem/Mal+Sg+Nom

Vuoli	vuoli+N+Sg+Gen
Vuoli	vuoli+N+Sg+Acc
Vuoli	vuoli+N+Sg+Nom

kogo	ko+Adv+Foc/go

pelni	pelni+Po

Jookeerpargopittá	jookeerpargopittá+N+Sg+Nom

Joovsep	Joovsep+N+Prop+Sem/Mal+Attr
Joovsep	Joovsep+N+Prop+Sem/Mal+Sg+Nom
Joovsep	Joovsep+N+Prop+Sem/Mal+Sg+Gen
Joovsep	Joovsep+N+Prop+Sem/Mal+Sg+Acc

/u/u*ulá	/u/u*ulá	+?

olgoláá	olgoláá+Adv

kidâ	kidâ+Adv

juná	juná+N+Sg+Gen
juná	juná+N+Sg+Acc
juná	juná+N+Sg+Nom

Luuk	Luuk+N+ABBR+Attr
Luuk	Luuk+N+ABBR+Sg+Nom
Luuk	Luuk+N+ABBR+Sg+Gen
Luuk	Luuk+N+ABBR+Sg+Acc

kuvlân	kuvlân+Po

liijgás	liijgás+Adv

Uccpárnáá	Uccpáárnáš+N+Prop+Sem/Mal+Sg+Gen
Uccpárnáá	Uccpáárnáš+N+Prop+Sem/Mal+Sg+Acc

uđâgááh	uđâgâš+N+Pl+Nom

iäskán	iäskán+Adv

anarâškielâsâš	anarâškielâsâš+A+Sg+Nom
anarâškielâsâš	anarâškielâsâš+A+Attr

Â	Â	+?

nuuvtkočodum	nuuvtkočodum+A+Attr

Ailâ	Ailâ+N+Prop+Sem/Fem+Attr
Ailâ	Ailâ+N+Prop+Sem/Fem+Sg+Nom

hitruus	hitruu+A+Attr

om	om+Adv+ABBR
om	om+Adv+ABBR+Attr

eštus	eštus+Adv

Nuuvdi	Nuuvdi+N+Prop+Sem/Mal+Attr
Nuuvdi	Nuuvdi+N+Prop+Sem/Mal+Sg+Nom
Nuuvdi	Nuuvdi+N+Prop+Sem/Mal+Sg+Gen
Nuuvdi	Nuuvdi+N+Prop+Sem/Mal+Sg+Acc

Mooses	Mooses+N+Prop+Sem/Mal+Attr
Mooses	Mooses+N+Prop+Sem/Mal+Sg+Nom
Mooses	Mooses+N+Prop+Sem/Mal+Sg+Gen
Mooses	Mooses+N+Prop+Sem/Mal+Sg+Acc

olgospyehtim	olgospyehtim+N+Sg+Nom
olgospyehtim	olgospyehtim+N+Sg+Gen
olgospyehtim	olgospyehtim+N+Sg+Acc

kerd	kerd+Adv

/p/p*iättâr	/p/p*iättâr	+?

ucánjihhii	ucánjihhii+Adv

tovváá	tovvááš+Pron+Indef+Sg+Acc
tovváá	tovvááš+Pron+Indef+Sg+Gen
tovváá	tovvááš+Pron+Indef+Sg+Ill+Attr
tovváá	tovvááš+Pron+Indef+Sg+Loc+Attr

Om	om+Adv+ABBR
Om	om+Adv+ABBR+Attr

Vijđodâh	vijđodâh+N+Sg+Nom

uhán-U/u/u*ulá	uhán-U/u/u*ulá	+?

tondet	tondet+Adv

muide	muide+Pron+Indef+Sg+Nom

Tastmaŋa	tastmaŋa+Pcle

kivkked	kivkked+Adv

Kuivee	Kuivee+N+Prop+Sem/Mal+Attr
Kuivee	Kuivee+N+Prop+Sem/Mal+Sg+Nom
Kuivee	Kuivee+N+Prop+Sem/Mal+Sg+Gen
Kuivee	Kuivee+N+Prop+Sem/Mal+Sg+Acc

Vrd	vrd+V+ABBR+TV+Imprt

čuorvij	čuorviđ+V+IV+Ind+Prt+Sg3

đ	đ+N+ABBR+Attr
đ	đ+N+ABBR+Sg+Nom
đ	đ+N+ABBR+Sg+Gen
đ	đ+N+ABBR+Sg+Acc
đ	đ+CmpNP/First+N+ABBR+Attr
đ	đ+CmpNP/First+N+ABBR+Sg+Nom
đ	đ+CmpNP/First+N+ABBR+Sg+Gen
đ	đ+CmpNP/First+N+ABBR+Sg+Acc

siämmáánáálá	siämmáánáálá+Adv

ege	ege+CC

Tálunjobžâ	Tálunjobžâ+N+Prop+Sem/Ani+Attr
Tálunjobžâ	Tálunjobžâ+N+Prop+Sem/Ani+Sg+Nom
Tálunjobžâ	táálu+v1+N+Cmp/SgNom+Cmp#njobžâ+N+Sg+Nom
Tálunjobžâ	táálu+v2+N+Cmp/SgNom+Cmp#njobžâ+N+Sg+Nom

tibi	tibi+Pcle
tibi	tibi+Interj
tibi	tibi+Adv

on	on	+?

Ige	ige+CC

tärkkilávt	tärkkil+A+Der2+Der/AAdv+Adv
tärkkilávt	tärkkil+A+Der/AAdv+Adv

sierâlágán	sierâlágán+A+Sg+Nom
sierâlágán	sierâlágán+A+Sg+Gen
sierâlágán	sierâlágán+A+Sg+Acc
sierâlágán	sierâlágán+A+Attr

Juhánâs	Juhánâs+N+Prop+Sem/Mal+Attr
Juhánâs	Juhánâs+N+Prop+Sem/Mal+Sg+Nom
Juhánâs	Juhánâs+N+Prop+Sem/Mal+Sg+Gen
Juhánâs	Juhánâs+N+Prop+Sem/Mal+Sg+Acc

suámálâš	suámálâš+N+Sg+Nom

Muumistáálu	Muumi+N+Prop+Sem/Ani+Cmp/SgGen+Cmp#stáálu+v1+N+Sg+Nom
Muumistáálu	Muumi+N+Prop+Sem/Ani+Cmp/SgGen+Cmp#stáálu+v1+N+Sg+Gen
Muumistáálu	Muumi+N+Prop+Sem/Ani+Cmp/SgGen+Cmp#stáálu+v1+N+Sg+Acc
Muumistáálu	Muumi+N+Prop+Sem/Ani+Cmp/SgGen+Cmp#stáálu+v2+N+Sg+Nom
Muumistáálu	Muumi+N+Prop+Sem/Ani+Cmp/SgNom+Cmp#stáálu+v1+N+Sg+Nom
Muumistáálu	Muumi+N+Prop+Sem/Ani+Cmp/SgNom+Cmp#stáálu+v1+N+Sg+Gen
Muumistáálu	Muumi+N+Prop+Sem/Ani+Cmp/SgNom+Cmp#stáálu+v1+N+Sg+Acc
Muumistáálu	Muumi+N+Prop+Sem/Ani+Cmp/SgNom+Cmp#stáálu+v2+N+Sg+Nom
Muumistáálu	Muumistáálu+N+Prop+Sem/Ani+Attr
Muumistáálu	Muumistáálu+N+Prop+Sem/Ani+Sg+Nom
Muumistáálu	Muumistáálu+N+Prop+Sem/Ani+Sg+Gen
Muumistáálu	Muumistáálu+N+Prop+Sem/Ani+Sg+Acc

Jáákup	Jáákup+N+Prop+Sem/Mal+Attr
Jáákup	Jáákup+N+Prop+Sem/Mal+Sg+Nom
Jáákup	Jáákup+N+Prop+Sem/Mal+Sg+Gen
Jáákup	Jáákup+N+Prop+Sem/Mal+Sg+Acc

tiego	tiego+CS
tiego	tiego+Adv+Qst

Taavvid	Taavvid+N+Prop+Sem/Mal+Attr
Taavvid	Taavvid+N+Prop+Sem/Mal+Sg+Nom
Taavvid	Taavvid+N+Prop+Sem/Mal+Sg+Gen
Taavvid	Taavvid+N+Prop+Sem/Mal+Sg+Acc

lijgešoddâm	lijge+N+Cmp/SgNom+Cmp#šoddâm+N+Sg+Nom
lijgešoddâm	lijge+N+Cmp/SgNom+Cmp#šoddâm+N+Sg+Gen
lijgešoddâm	lijge+N+Cmp/SgNom+Cmp#šoddâm+N+Sg+Acc
lijgešoddâm	lijge+N+Cmp/SgNom+Cmp#šoddâđ+V+IV+Der2+Der/NomAct+N+Sg+Nom
lijgešoddâm	lijge+N+Cmp/SgNom+Cmp#šoddâđ+V+IV+Der2+Der/NomAct+N+Sg+Gen
lijgešoddâm	lijge+N+Cmp/SgNom+Cmp#šoddâđ+V+IV+Der2+Der/NomAct+N+Sg+Acc
lijgešoddâm	lijge+N+Cmp/SgNom+Cmp#šoddâđ+V+IV+Der/NomAct+N+Sg+Nom
lijgešoddâm	lijge+N+Cmp/SgNom+Cmp#šoddâđ+V+IV+Der/NomAct+N+Sg+Gen
lijgešoddâm	lijge+N+Cmp/SgNom+Cmp#šoddâđ+V+IV+Der/NomAct+N+Sg+Acc
lijgešoddâm	lijgešoddâm+N+Sg+Nom
lijgešoddâm	lijgešoddâm+N+Sg+Gen
lijgešoddâm	lijgešoddâm+N+Sg+Acc

Amahân	amahân+Pcle

jamâ	jaamâ+A+Attr+Err/Orth

Joovnâ	Jovnâ+N+Prop+Sem/Mal+Sg+Gen
Joovnâ	Jovnâ+N+Prop+Sem/Mal+Sg+Acc

ušom	ušom+Adv

makaš	makaš+Adv

haapi	happi+N+Sg+Gen
haapi	happi+N+Sg+Acc

lovmat	lovmat+Adv

jos	jos+CS

algâttij	algâttiđ+V+Ind+Prt+Sg3

x	x+N+ABBR+Attr
x	x+N+ABBR+Sg+Nom
x	x+N+ABBR+Sg+Gen
x	x+N+ABBR+Sg+Acc
x	x+CmpNP/First+N+ABBR+Attr
x	x+CmpNP/First+N+ABBR+Sg+Nom
x	x+CmpNP/First+N+ABBR+Sg+Gen
x	x+CmpNP/First+N+ABBR+Sg+Acc

eskin	eskin+Adv

Wieseh	Wieseh+N+Prop+Sem/Ani+Attr
Wieseh	Wieseh+N+Prop+Sem/Ani+Sg+Nom
Wieseh	Wieseh+N+Prop+Sem/Ani+Sg+Gen
Wieseh	Wieseh+N+Prop+Sem/Ani+Sg+Acc

tastmaŋa	tastmaŋa+Pcle

vuot	vuot+Adv

suovsah	suoksâ+N+Pl+Nom
suovsah	suoksâđ+V+Ind+Prs+Sg2

idiomaatlâš	idiomaatlâš+A+Sg+Nom
idiomaatlâš	idiomaatlâš+A+Attr

Á	Á+N+ABBR+Attr
Á	Á+N+ABBR+Sg+Nom
Á	Á+N+ABBR+Sg+Gen
Á	Á+N+ABBR+Sg+Acc
Á	Á+CmpNP/First+N+ABBR+Attr
Á	Á+CmpNP/First+N+ABBR+Sg+Nom
Á	Á+CmpNP/First+N+ABBR+Sg+Gen
Á	Á+CmpNP/First+N+ABBR+Sg+Acc
Á	á+N+ABBR+Attr
Á	á+N+ABBR+Sg+Nom
Á	á+N+ABBR+Sg+Gen
Á	á+N+ABBR+Sg+Acc
Á	á+CmpNP/First+N+ABBR+Attr
Á	á+CmpNP/First+N+ABBR+Sg+Nom
Á	á+CmpNP/First+N+ABBR+Sg+Gen
Á	á+CmpNP/First+N+ABBR+Sg+Acc

tommit	tommit+Pcle

kume	kume+A+Sg+Nom
kume	kume+A+Sg+Gen
kume	kume+A+Sg+Acc

Russula	Russula	+?

Paavvâl	Paavvâl+N+Prop+Sem/Mal+Attr
Paavvâl	Paavvâl+N+Prop+Sem/Mal+Sg+Nom
Paavvâl	Paavvâl+N+Prop+Sem/Mal+Sg+Gen
Paavvâl	Paavvâl+N+Prop+Sem/Mal+Sg+Acc

Kuobžâ-Saammâl	Kuobžâ-Saammâl+N+Prop+Sem/Mal+Attr
Kuobžâ-Saammâl	Kuobžâ-Saammâl+N+Prop+Sem/Mal+Sg+Nom
Kuobžâ-Saammâl	Kuobžâ-Saammâl+N+Prop+Sem/Mal+Sg+Gen
Kuobžâ-Saammâl	Kuobžâ-Saammâl+N+Prop+Sem/Mal+Sg+Acc
Kuobžâ-Saammâl	kuobžâ+N+Cmp/SgNom+Cmp-#Saammâl+N+Prop+Sem/Mal+Attr
Kuobžâ-Saammâl	kuobžâ+N+Cmp/SgNom+Cmp-#Saammâl+N+Prop+Sem/Mal+Sg+Nom
Kuobžâ-Saammâl	kuobžâ+N+Cmp/SgNom+Cmp-#Saammâl+N+Prop+Sem/Mal+Sg+Gen
Kuobžâ-Saammâl	kuobžâ+N+Cmp/SgNom+Cmp-#Saammâl+N+Prop+Sem/Mal+Sg+Acc
Kuobžâ-Saammâl	kuobžâ+N+Cmp/SgGen+Cmp-#Saammâl+N+Prop+Sem/Mal+Attr
Kuobžâ-Saammâl	kuobžâ+N+Cmp/SgGen+Cmp-#Saammâl+N+Prop+Sem/Mal+Sg+Nom
Kuobžâ-Saammâl	kuobžâ+N+Cmp/SgGen+Cmp-#Saammâl+N+Prop+Sem/Mal+Sg+Gen
Kuobžâ-Saammâl	kuobžâ+N+Cmp/SgGen+Cmp-#Saammâl+N+Prop+Sem/Mal+Sg+Acc

uđâgâš	uđâgâš+N+Sg+Nom

Obžâ	Obžâ+N+Prop+Sem/Ani+Attr
Obžâ	Obžâ+N+Prop+Sem/Ani+Sg+Nom

uđâgáid	uuđâg+N+Pl+Ill
uđâgáid	uđâgâš+N+Pl+Ill
uđâgáid	uđâgâš+N+Pl+Acc

piervâlist	piervâl+N+Sg+Loc

Puppâ	Puppâ+N+Prop+Sem/Ani+Attr
Puppâ	Puppâ+N+Prop+Sem/Ani+Sg+Nom

vuást	vuást+Po

tergâdis	tergâd+A+Attr

Tobžâ	Tobžâ+N+Prop+Sem/Ani+Attr
Tobžâ	Tobžâ+N+Prop+Sem/Ani+Sg+Nom

pellâst	pellâst+Adv

Hirškiihâ	Hirškikkâ+N+Prop+Sem/Ani+Sg+Gen
Hirškiihâ	Hirškikkâ+N+Prop+Sem/Ani+Sg+Acc

Andârâs	Andârâs+N+Prop+Sem/Mal+Attr
Andârâs	Andârâs+N+Prop+Sem/Mal+Sg+Nom
Andârâs	Andârâs+N+Prop+Sem/Mal+Sg+Gen
Andârâs	Andârâs+N+Prop+Sem/Mal+Sg+Acc

pajaskulij	pajaskulij+Adv

ovdebáá	ovdebáá+Adv

Eljis	Eljis+N+Prop+Sem/Mal+Attr
Eljis	Eljis+N+Prop+Sem/Mal+Sg+Nom
Eljis	Eljis+N+Prop+Sem/Mal+Sg+Gen
Eljis	Eljis+N+Prop+Sem/Mal+Sg+Acc

Ailâ-*Váábu	Ailâ-*Váábu	+?

vaanhimeh	vaanhim+N+Pl+Nom
vaanhimeh	vaanhimeh+N+Pl+Nom

ovdii	ovdii+Adv

dynaamisávt/*funktionaallávt	dynaamisávt/*funktionaallávt	+?

Nisonieidâ	Niso+N+Prop+Sem/Ani+Cmp/SgGen+Cmp#nieidâ+N+Sg+Gen
Nisonieidâ	Niso+N+Prop+Sem/Ani+Cmp/SgGen+Cmp#nieidâ+N+Sg+Acc
Nisonieidâ	Niso+N+Prop+Sem/Ani+Cmp/SgGen+Cmp#nieidâ+N+Sg+Nom
Nisonieidâ	Niso+N+Prop+Sem/Ani+Cmp/SgGen+Cmp#nieidâ+N+Sg+Gen
Nisonieidâ	Niso+N+Prop+Sem/Ani+Cmp/SgGen+Cmp#nieidâ+N+Sg+Acc
Nisonieidâ	Niso+N+Prop+Sem/Ani+Cmp/SgGen+Cmp#nieidâ+N+Sg+Nom
Nisonieidâ	Nisonieidâ+N+Prop+Sem/Ani+Attr
Nisonieidâ	Nisonieidâ+N+Prop+Sem/Ani+Sg+Nom
Nisonieidâ	Nisonieidâ+N+Prop+Sem/Ani+Sg+Gen
Nisonieidâ	Nisonieidâ+N+Prop+Sem/Ani+Sg+Acc

pajeláhháá	pajeláhháá+Adv

Issá	Issá+N+Prop+Sem/Mal+Attr
Issá	Issá+N+Prop+Sem/Mal+Sg+Nom

ohtuunân	ohtuunân+Adv

kiilud	kiilud	+?

tievst	tievst+Adv

joskâ	joskâ+Adv

suomâkielâsâš	suomâkielâsâš+A+Sg+Nom
suomâkielâsâš	suomâkielâsâš+A+Attr

pahudistij	pahudiđ+V+Der/st+V+Ind+Prt+Sg3
pahudistij	pahudiđ+V+Der1+Der/st+V+Ind+Prt+Sg3
pahudistij	pahudistiđ+V+Ind+Prt+Sg3

nuurrâm	nuurrâđ+V+PrfPrc
nuurrâm	nuurrâđ+V+Ind+Prt+ConNeg
nuurrâm	nuurrâđ+V+Der2+Der/NomAct+N+Sg+Nom
nuurrâm	nuurrâđ+V+Der2+Der/NomAct+N+Sg+Gen
nuurrâm	nuurrâđ+V+Der2+Der/NomAct+N+Sg+Acc
nuurrâm	nuurrâđ+V+Actio+Nom
nuurrâm	nuurrâđ+V+Der/NomAct+N+Sg+Nom
nuurrâm	nuurrâđ+V+Der/NomAct+N+Sg+Gen
nuurrâm	nuurrâđ+V+Der/NomAct+N+Sg+Acc
nuurrâm	nuurrâm+N+Sg+Nom
nuurrâm	nuurrâm+N+Sg+Gen
nuurrâm	nuurrâm+N+Sg+Acc

háárán	háárán+Po
háárán	hääri+N+Sg+Ill

pessejeh	pessiđ+V+Ind+Prs+Pl3

asuntola	asuntola+N+Sg+Gen
asuntola	asuntola+N+Sg+Acc
asuntola	asuntola+N+Sg+Nom

suoksâ	suoksâ+N+Sg+Nom

algâttiđ	algâttiđ+V+Imprt+Pl2
algâttiđ	algâttiđ+V+Inf

riävtui	riävtui+Pcle
riävtui	riävtui+Adv

ovdláhháá	ovdláhháá+Adv

kuáhtám	kuáhtáđ+V+PrfPrc
kuáhtám	kuáhtáđ+V+Actio+Nom
kuáhtám	kuáhtáđ+V+Der/NomAct+N+Sg+Nom
kuáhtám	kuáhtáđ+V+Der/NomAct+N+Sg+Gen
kuáhtám	kuáhtáđ+V+Der/NomAct+N+Sg+Acc
kuáhtám	kuáhtáđ+V+Der2+Der/NomAct+N+Sg+Nom
kuáhtám	kuáhtáđ+V+Der2+Der/NomAct+N+Sg+Gen
kuáhtám	kuáhtáđ+V+Der2+Der/NomAct+N+Sg+Acc
kuáhtám	kuáhtáđ+V+Ind+Prt+ConNeg

kezis	kezzi+A+Attr

raavâdamnâseh	raavâd+N+Cmp/SgNom+Cmp#aamnâs+N+Pl+Nom
raavâdamnâseh	raavâdaamnâs+N+Pl+Nom

Piergâseh	piergâs+N+Pl+Nom

Heeikân	Heikkâ+N+Prop+Sem/Mal+Sg+Ill

nuurrâđ	nuurrâđ+V+Inf
nuurrâđ	nuurrâđ+V+Imprt+Pl2

hámásâš	hámásâš+A+Sg+Nom
hámásâš	hámásâš+A+Attr

aldemuu	aldemus+A+Superl+Sg+Gen
aldemuu	aldemus+A+Superl+Sg+Acc
aldemuu	aldemus+Err/Orth+A+Superl+Sg+Gen
aldemuu	aldemus+Err/Orth+A+Superl+Sg+Acc
aldemuu	aldemus+N+Sg+Gen
aldemuu	aldemus+N+Sg+Acc

veerstâ	verstâ+N+Sg+Gen
veerstâ	verstâ+N+Sg+Acc

happi	happi+N+Sg+Nom

čässuáivi	čässuáivi+N+Sg+Nom
čässuáivi	čässuáivi+N+Sg+Gen
čässuáivi	čässuáivi+N+Sg+Acc

ravâdin	raavvâd+N+Ess
ravâdin	raavâd+N+Ess

mondet	mondet+Adv

Reedrik	Reedrik+N+Prop+Sem/Mal+Attr
Reedrik	Reedrik+N+Prop+Sem/Mal+Sg+Nom
Reedrik	Reedrik+N+Prop+Sem/Mal+Sg+Gen
Reedrik	Reedrik+N+Prop+Sem/Mal+Sg+Acc

Kivs	Kivs+N+Prop+Sem/Ani+Attr
Kivs	Kivs+N+Prop+Sem/Ani+Sg+Gen
Kivs	Kivs+N+Prop+Sem/Ani+Sg+Acc
Kivs	Kivs+N+Prop+Sem/Ani+Sg+Nom

Ailâ-Maarit	Ailâ+N+Prop+Sem/Fem+Cmp/SgNom+Cmp-#Maarit+N+Prop+Sem/Fem+Attr
Ailâ-Maarit	Ailâ+N+Prop+Sem/Fem+Cmp/SgNom+Cmp-#Maarit+N+Prop+Sem/Fem+Sg+Nom

ohtsâš	ohtsâš+A+Sg+Nom
ohtsâš	ohtsâš+A+Attr
ohtsâš	ohtsâš+N+Sg+Nom

Kivkked	kivkked+Adv

tyellittälli	tyellittälli+Adv

kuáhtáđ	kuáhtáđ+V+Inf
kuáhtáđ	kuáhtáđ+V+Imprt+Pl2

asto	asto+N+Sg+Nom
asto	asto+N+Sg+Gen
asto	asto+N+Sg+Acc

Suullân	suullân+Pcle

Nánná	Nánná+N+Prop+Sem/Ani+Attr
Nánná	Nánná+N+Prop+Sem/Ani+Sg+Nom

Eunuk	Eunuk+N+Prop+Sem/Mal+Attr
Eunuk	Eunuk+N+Prop+Sem/Mal+Sg+Nom
Eunuk	Eunuk+N+Prop+Sem/Mal+Sg+Gen
Eunuk	Eunuk+N+Prop+Sem/Mal+Sg+Acc

piervâlân	piervâl+N+Sg+Ill
piervâlân	piervâl+N+Sg+Gen+PxPl1
piervâlân	piervâl+N+Sg+Gen+PxDu1
piervâlân	piervâl+N+Sg+Gen+PxSg1
piervâlân	piervâl+N+Sg+Acc+PxPl1
piervâlân	piervâl+N+Sg+Acc+PxDu1
piervâlân	piervâl+N+Sg+Acc+PxSg1

huámmášij	huámmášiđ+V+Ind+Prt+Sg3

dl	dl+N+ABBR
dl	dl+N+ABBR+Par
dl	dl+N+ABBR+Ess
dl	dl+N+ABBR+Attr
dl	dl+N+ABBR+Pl+Nom
dl	dl+N+ABBR+Sg+Nom
dl	dl+N+ABBR+Sg+Loc
dl	dl+N+ABBR+Sg+Gen
dl	dl+N+ABBR+Sg+Acc

Pöö	Pöö	+?

Heeihâst	Heikkâ+N+Prop+Sem/Mal+Sg+Loc

iälusteh	iälustiđ+V+Ind+Prs+Pl3

Holber	Holber+N+Prop+Sem/Mal+Attr
Holber	Holber+N+Prop+Sem/Mal+Sg+Nom
Holber	Holber+N+Prop+Sem/Mal+Sg+Gen
Holber	Holber+N+Prop+Sem/Mal+Sg+Acc
Holber	Holber+N+Prop+Sem/Fem+Attr
Holber	Holber+N+Prop+Sem/Fem+Sg+Nom
Holber	Holber+N+Prop+Sem/Fem+Sg+Gen
Holber	Holber+N+Prop+Sem/Fem+Sg+Acc

Aaslâk	Aaslâk+N+Prop+Sem/Mal+Attr
Aaslâk	Aaslâk+N+Prop+Sem/Mal+Sg+Nom
Aaslâk	Aaslâk+N+Prop+Sem/Mal+Sg+Gen
Aaslâk	Aaslâk+N+Prop+Sem/Mal+Sg+Acc

tuáršu	tuárššuđ+V+Ind+Prs+ConNeg
tuáršu	tuárššuđ+V+Imprt+Sg2
tuáršu	tuáršu+N+Sg+Gen
tuáršu	tuáršu+N+Sg+Acc
tuáršu	tuáršu+N+Sg+Nom

muidego	muidego+Pcle

iänáážin	iänáážin+Adv

halidâm	halidiđ+V+PrfPrc
halidâm	halidiđ+V+Ind+Prt+ConNeg
halidâm	halidiđ+V+Ind+Prs+Sg1

vuáluskulij	vuáluskulij+Adv

viettiđ	viettiđ+v1+V+Imprt+Pl2
viettiđ	viettiđ+v1+V+Inf
viettiđ	viettiđ+v2+V+Inf
viettiđ	viettiđ+v2+V+Imprt+Pl2

uđâgáá	uđâgâš+N+Sg+Gen
uđâgáá	uđâgâš+N+Sg+Acc

tipšođ	tipšođ+V+Inf
tipšođ	tipšođ+V+Imprt+Pl2

máddáábeln	máddáábeln+Po

amahân	amahân+Pcle

Möö	Möö	+?

Áánán	Áánán	+?

vain	vain+Adv

mottoomnáálá	mottoomnáálá+Adv

halidij	halidiđ+V+Ind+Prt+Sg3

algâttâm	algâttiđ+V+PrfPrc
algâttâm	algâttiđ+V+Ind+Prt+ConNeg
algâttâm	algâttiđ+V+Ind+Prs+Sg1

alge	alge+N+Sg+Gen
alge	alge+N+Sg+Acc
alge	alge+N+Sg+Nom

Tricholoma	Tricholoma	+?

Pááđáár	Pááđáár+N+Prop+Sem/Sur+Attr
Pááđáár	Pááđáár+N+Prop+Sem/Sur+Sg+Nom
Pááđáár	Pááđáár+N+Prop+Sem/Sur+Sg+Gen
Pááđáár	Pááđáár+N+Prop+Sem/Sur+Sg+Acc
Pááđáár	Pááđáár+N+Prop+Sem/Plc+Attr
Pááđáár	Pááđáár+N+Prop+Sem/Plc+Sg+Nom
Pááđáár	Pááđáár+N+Prop+Sem/Plc+Sg+Gen
Pááđáár	Pááđáár+N+Prop+Sem/Plc+Sg+Acc

Muumieeči	Muumi+N+Prop+Sem/Ani+Cmp/SgGen+Cmp#eeči+N+Sg+Nom
Muumieeči	Muumi+N+Prop+Sem/Ani+Cmp/SgNom+Cmp#eeči+N+Sg+Nom
Muumieeči	Muumieeči+N+Prop+Sem/Ani+Attr
Muumieeči	Muumieeči+N+Prop+Sem/Ani+Sg+Nom

Kj	kj+N+ACR+Sg+Nom
Kj	kj+N+ACR+Sg+Gen
Kj	kj+N+ACR+Sg+Acc

Atlant	Atlant+N+Prop+Sem/Sur+Attr
Atlant	Atlant+N+Prop+Sem/Sur+Sg+Nom
Atlant	Atlant+N+Prop+Sem/Sur+Sg+Gen
Atlant	Atlant+N+Prop+Sem/Sur+Sg+Acc
Atlant	Atlant+N+Prop+Sem/Plc+Attr
Atlant	Atlant+N+Prop+Sem/Plc+Sg+Nom
Atlant	Atlant+N+Prop+Sem/Plc+Sg+Gen
Atlant	Atlant+N+Prop+Sem/Plc+Sg+Acc

čässuáivist	čässuáivi+N+Sg+Loc

tuohu	tuohu+Adv

pelduvváid	pelduvváid+Adv

mottoomverd	mottoomverd+Adv

USA	USA+N+ACR+Sg+Nom
USA	USA+N+ACR+Sg+Gen
USA	USA+N+ACR+Sg+Acc

EM95	EM95	+?

πνεῦμα	πνεῦμα	+?

čielgitävtittemes	čielgitävtittem+A+Attr

Tohon	tohon+Adv

Piäká	Piäkká+N+Prop+Sem/Mal+Sg+Gen
Piäká	Piäkká+N+Prop+Sem/Mal+Sg+Acc

Kierâš	kierâš+N+Sg+Nom

Áábrâm	Áábrâm+N+Prop+Sem/Mal+Attr
Áábrâm	Áábrâm+N+Prop+Sem/Mal+Sg+Nom
Áábrâm	Áábrâm+N+Prop+Sem/Mal+Sg+Gen
Áábrâm	Áábrâm+N+Prop+Sem/Mal+Sg+Acc

kááđu	káátu+N+Sg+Gen
kááđu	káátu+N+Sg+Acc

Njorttâ	Njorttâ+N+Prop+Sem/Mal+Attr
Njorttâ	Njorttâ+N+Prop+Sem/Mal+Sg+Gen
Njorttâ	Njorttâ+N+Prop+Sem/Mal+Sg+Acc
Njorttâ	Njorttâ+N+Prop+Sem/Mal+Sg+Nom

KKK02	KKK02	+?

Ä	æ+N+ABBR+Attr
Ä	æ+N+ABBR+Sg+Nom
Ä	æ+N+ABBR+Sg+Gen
Ä	æ+N+ABBR+Sg+Acc
Ä	æ+CmpNP/First+N+ABBR+Attr
Ä	æ+CmpNP/First+N+ABBR+Sg+Nom
Ä	æ+CmpNP/First+N+ABBR+Sg+Gen
Ä	æ+CmpNP/First+N+ABBR+Sg+Acc
Ä	Ä+N+ABBR+Attr
Ä	Ä+N+ABBR+Sg+Nom
Ä	Ä+N+ABBR+Sg+Gen
Ä	Ä+N+ABBR+Sg+Acc
Ä	Ä+CmpNP/First+N+ABBR+Attr
Ä	Ä+CmpNP/First+N+ABBR+Sg+Nom
Ä	Ä+CmpNP/First+N+ABBR+Sg+Gen
Ä	Ä+CmpNP/First+N+ABBR+Sg+Acc
Ä	Æ+N+ABBR+Attr
Ä	Æ+N+ABBR+Sg+Nom
Ä	Æ+N+ABBR+Sg+Gen
Ä	Æ+N+ABBR+Sg+Acc
Ä	Æ+CmpNP/First+N+ABBR+Attr
Ä	Æ+CmpNP/First+N+ABBR+Sg+Nom
Ä	Æ+CmpNP/First+N+ABBR+Sg+Gen
Ä	Æ+CmpNP/First+N+ABBR+Sg+Acc
Ä	ä+N+ABBR+Attr
Ä	ä+N+ABBR+Sg+Nom
Ä	ä+N+ABBR+Sg+Gen
Ä	ä+N+ABBR+Sg+Acc
Ä	ä+CmpNP/First+N+ABBR+Attr
Ä	ä+CmpNP/First+N+ABBR+Sg+Nom
Ä	ä+CmpNP/First+N+ABBR+Sg+Gen
Ä	ä+CmpNP/First+N+ABBR+Sg+Acc

taavaakeččin	taavaakeččin+Adv

sulâstiteh	sulâstiteh	+?

pajalân	pajalân+Adv

nubebeln	nubebeln+Po

ittinâš	ittinâš+Adv

hoksái	hoksáđ+V+Ind+Prt+Sg3

ereslasseen	ereslasseen+Adv

asuntolast	asuntola+N+Sg+Loc

Veik	veik+CS

Tondet	tondet+Adv

Amanita	Amanita	+?

pyevtittâs	pyevtittâs+N+Sg+Nom
pyevtittâs	pyevtittâs+N+Sg+Gen
pyevtittâs	pyevtittâs+N+Sg+Acc

pelestis	pelestis	+?

oovtfááru	oovtfááru+Adv

källee	käälliđ+V+PrsPrc
källee	käälliđ+V+Der2+Der/NomAg+N+Sg+Gen
källee	käälliđ+V+Der2+Der/NomAg+N+Sg+Acc
källee	käälliđ+V+Der2+Der/NomAg+N+Sg+Nom
källee	käälliđ+V+Der/NomAg+N+Sg+Gen
källee	käälliđ+V+Der/NomAg+N+Sg+Acc
källee	käälliđ+V+Der/NomAg+N+Sg+Nom
källee	käälliđ+V+Imprt+Du2
källee	källee+N+Sg+Nom
källee	källee+N+Sg+Gen
källee	källee+N+Sg+Acc
källee	kalliđ+V+Ind+Prs+Sg3

kuáhtáá	kuáhtáđ+V+Imprt+Sg2
kuáhtáá	kuáhtáđ+V+Ind+Prs+Sg3
kuáhtáá	kuáhtáđ+V+Imprt+ConNeg
kuáhtáá	kuáhtáđ+V+Ind+Prs+ConNeg

kj	kj+N+ACR+Sg+Nom
kj	kj+N+ACR+Sg+Gen
kj	kj+N+ACR+Sg+Acc

Snuđenjune	Snuđenjune+N+Prop+Sem/Ani+Attr
Snuđenjune	Snuđenjune+N+Prop+Sem/Ani+Sg+Nom
Snuđenjune	Snuđenjune+N+Prop+Sem/Ani+Sg+Gen
Snuđenjune	Snuđenjune+N+Prop+Sem/Ani+Sg+Acc

Piättár	Piättár+N+Prop+Sem/Mal+Attr
Piättár	Piättár+N+Prop+Sem/Mal+Sg+Nom
Piättár	Piättár+N+Prop+Sem/Mal+Sg+Gen
Piättár	Piättár+N+Prop+Sem/Mal+Sg+Acc

Liäiná	Liäiná+N+Prop+Sem/Sur+Sg+Nom
Liäiná	Liäiná+N+Prop+Sem/Sur+Sg+Gen
Liäiná	Liäiná+N+Prop+Sem/Sur+Sg+Acc
Liäiná	Liäiná+N+Prop+Sem/Fem+Sg+Nom
Liäiná	Liäiná+N+Prop+Sem/Fem+Sg+Gen
Liäiná	Liäiná+N+Prop+Sem/Fem+Sg+Acc

Issi	Issi+N+Prop+Sem/Mal+Attr
Issi	Issi+N+Prop+Sem/Mal+Sg+Nom

Alge	alge+N+Sg+Gen
Alge	alge+N+Sg+Acc
Alge	alge+N+Sg+Nom

čuákist	čuákist+Adv

kuva	kuva	+?

kg	kg+N+ABBR
kg	kg+N+ABBR+Par
kg	kg+N+ABBR+Ess
kg	kg+N+ABBR+Pl+Nom
kg	kg+N+ABBR+Sg+Nom
kg	kg+N+ABBR+Sg+Loc
kg	kg+N+ABBR+Sg+Gen

artikla	artikla+N+Sg+Gen
artikla	artikla+N+Sg+Acc
artikla	artikla+N+Sg+Nom

Oy	oy+CmpNP/None+N+ACR+Sg+Nom
Oy	oy+CmpNP/None+N+ACR+Sg+Gen
Oy	oy+CmpNP/None+N+ACR+Sg+Acc
Oy	oy+N+ACR+Sg+Nom
Oy	oy+N+ACR+Sg+Gen
Oy	oy+N+ACR+Sg+Acc

IM	IM+N+ACR+Sg+Nom
IM	IM+N+ACR+Sg+Gen
IM	IM+N+ACR+Sg+Acc

Hei	hei+Interj

toohum	toohum	+?

tagarin	taggaar+A+Ess

suddâm	suddâđ+V+PrfPrc
suddâm	suddâđ+V+Actio+Nom
suddâm	suddâđ+V+Ind+Prt+ConNeg
suddâm	suddâđ+V+Der2+Der/NomAct+N+Sg+Nom
suddâm	suddâđ+V+Der2+Der/NomAct+N+Sg+Gen
suddâm	suddâđ+V+Der2+Der/NomAct+N+Sg+Acc
suddâm	suddâđ+V+Der/NomAct+N+Sg+Nom
suddâm	suddâđ+V+Der/NomAct+N+Sg+Gen
suddâm	suddâđ+V+Der/NomAct+N+Sg+Acc
suddâm	suddâm+N+Sg+Nom
suddâm	suddâm+N+Sg+Gen
suddâm	suddâm+N+Sg+Acc

pääccih	pääccih	+?

irâttij	irâttiđ+V+Ind+Prt+Sg3

ei	ei	+?

Room	Room+N+ABBR+Attr
Room	Room+N+ABBR+Sg+Nom
Room	Room+N+ABBR+Sg+Gen
Room	Room+N+ABBR+Sg+Acc

Issá-čeahci	Issá-čeahci	+?

Cortinarius	Cortinarius	+?

C4	C4+Num+Arab+Sg+Nom
C4	C4+Num+Arab+Sg+Gen
C4	C4+Num+Arab+Sg+Acc
C4	C4+Num+Arab+Sg+Loc+Attr
C4	C4+Num+Arab+Sg+Ill+Attr

Áánást	Áánást	+?

tarbâšân	taarbâš+N+Sg+Ill
tarbâšân	taarbâš+N+Sg+Gen+PxDu1
tarbâšân	taarbâš+N+Sg+Gen+PxPl1
tarbâšân	taarbâš+N+Sg+Gen+PxSg1
tarbâšân	taarbâš+N+Sg+Acc+PxDu1
tarbâšân	taarbâš+N+Sg+Acc+PxPl1
tarbâšân	taarbâš+N+Sg+Acc+PxSg1
tarbâšân	taarbâš+N+Sg+Nom+PxDu1
tarbâšân	taarbâš+N+Sg+Nom+PxPl1
tarbâšân	tarbâšân+Adv

sahis	saahâd+A+Attr

láálá	läälliđ+V+Ind+Prs+Sg3

iäskân	iäskân+Adv

huámmášâm	huámmášiđ+V+PrfPrc
huámmášâm	huámmášiđ+V+Ind+Prt+ConNeg
huámmášâm	huámmášiđ+V+Ind+Prs+Sg1

aštus	aštus+Adv

čiđđâdioksidi	čiđđâdioksid+N+Sg+Nom+Err/Orth

tallet	tallet+Adv

párgádij	párgádiđ+V+Ind+Prt+Sg3

pisotteleh	pisotteleh	+?

juvvii	juvvii	+?

huáđđoo	huáđđoo+N+Sg+Nom
huáđđoo	huáđđoo+N+Sg+Gen
huáđđoo	huáđđoo+N+Sg+Acc

ciägu	ciägguđ+V+Ind+Prs+ConNeg
ciägu	ciägguđ+V+Imprt+Sg2
ciägu	ciägu+A+Cmp/Attr+Attr+Err/Orth

Nahande	nahande+Adv

Kihheen	kihheen+Pron+Indef+Attr
Kihheen	kihheen+Pron+Indef+Sg+Nom
Kihheen	kiihâđ+V+Der2+Der/NomAg+N+Ess
Kihheen	kiihâđ+V+Der2+Der/NomAg+N+Sg+Gen+PxDu1
Kihheen	kiihâđ+V+Der2+Der/NomAg+N+Sg+Gen+PxPl1
Kihheen	kiihâđ+V+Der2+Der/NomAg+N+Sg+Gen+PxSg1
Kihheen	kiihâđ+V+Der2+Der/NomAg+N+Sg+Acc+PxDu1
Kihheen	kiihâđ+V+Der2+Der/NomAg+N+Sg+Acc+PxPl1
Kihheen	kiihâđ+V+Der2+Der/NomAg+N+Sg+Acc+PxSg1
Kihheen	kiihâđ+V+Der2+Der/NomAg+N+Sg+Nom+PxPl1
Kihheen	kiihâđ+V+Der2+Der/NomAg+N+Sg+Nom+PxDu1
Kihheen	kiihâđ+V+Der/NomAg+N+Ess
Kihheen	kiihâđ+V+Der/NomAg+N+Sg+Gen+PxDu1
Kihheen	kiihâđ+V+Der/NomAg+N+Sg+Gen+PxPl1
Kihheen	kiihâđ+V+Der/NomAg+N+Sg+Gen+PxSg1
Kihheen	kiihâđ+V+Der/NomAg+N+Sg+Acc+PxDu1
Kihheen	kiihâđ+V+Der/NomAg+N+Sg+Acc+PxPl1
Kihheen	kiihâđ+V+Der/NomAg+N+Sg+Acc+PxSg1
Kihheen	kiihâđ+V+Der/NomAg+N+Sg+Nom+PxPl1
Kihheen	kiihâđ+V+Der/NomAg+N+Sg+Nom+PxDu1
Kihheen	kiihâđ+V+Ind+Prs+Du1

čuhâlis	čuuhâl+A+Attr

tiäpuh	tiäppu+N+Pl+Nom
tiäpuh	tiäppuđ+V+Ind+Prs+Sg2
tiäpuh	tiäppuđ+V+Ind+Prs+Pl3+Err/Orth

potásijd	potás+N+Pl+Acc

mottoomnáál	mottoomnáál+Adv

lekkâđ	lekkâđ+V+Inf
lekkâđ	lekkâđ+V+Imprt+Pl2

ciäggust	ciäggust+Adv

MV	mV+N+ABBR
MV	mV+N+ABBR+Par
MV	mV+N+ABBR+Ess
MV	mV+N+ABBR+Pl+Nom
MV	mV+N+ABBR+Sg+Nom
MV	mV+N+ABBR+Sg+Loc
MV	mV+N+ABBR+Sg+Gen
MV	MV+N+ACR+Sg+Nom
MV	MV+N+ACR+Sg+Gen
MV	MV+N+ACR+Sg+Acc

Kaarret	Kaarret+N+Prop+Sem/Sur+Attr
Kaarret	Kaarret+N+Prop+Sem/Sur+Sg+Nom
Kaarret	Kaarret+N+Prop+Sem/Sur+Sg+Gen
Kaarret	Kaarret+N+Prop+Sem/Sur+Sg+Acc
Kaarret	Kaarret+N+Prop+Sem/Plc+Attr
Kaarret	Kaarret+N+Prop+Sem/Plc+Sg+Nom
Kaarret	Kaarret+N+Prop+Sem/Plc+Sg+Gen
Kaarret	Kaarret+N+Prop+Sem/Plc+Sg+Acc

Aaron	Aaron+N+Prop+Sem/Mal+Attr
Aaron	Aaron+N+Prop+Sem/Mal+Sg+Nom
Aaron	Aaron+N+Prop+Sem/Mal+Sg+Gen
Aaron	Aaron+N+Prop+Sem/Mal+Sg+Acc

**	**	+?

šaddâ	šaddâ	+?

šaddaaš	šaddaaš	+?

tiälhuh	tiälkku+N+Pl+Nom

tergâdumos	tergâd+A+Superl+Attr
tergâdumos	tergâd+A+Superl+Sg+Nom
tergâdumos	tergâd+A+Superl+Sg+Gen
tergâdumos	tergâd+A+Superl+Sg+Acc

siis	siis+Po

puustâvlâš	puustavlâš+Err/Orth+A+Sg+Nom
puustâvlâš	puustavlâš+Err/Orth+A+Attr

paajaabel	paajaabel+Adv

nievt	nievt+Adv

kylá	kylá+N+Sg+Gen
kylá	kylá+N+Sg+Acc
kylá	kylá+N+Sg+Nom

arve	arve+N+Sg+Gen
arve	arve+N+Sg+Acc
arve	arve+N+Sg+Nom
arve	arveđ+V+Imprt+ConNeg
arve	arveđ+V+Ind+Prs+ConNeg
arve	arveđ+V+Imprt+Sg2

Nipso	Nipso+N+Prop+Sem/Ani+Attr
Nipso	Nipso+N+Prop+Sem/Ani+Sg+Nom
Nipso	Nipso+N+Prop+Sem/Ani+Sg+Gen
Nipso	Nipso+N+Prop+Sem/Ani+Sg+Acc

valje	valje+N+Sg+Gen
valje	valje+N+Sg+Acc
valje	valje+N+Sg+Nom

sino	sino+N+Sg+Nom
sino	sino+N+Sg+Gen
sino	sino+N+Sg+Acc

plankton	plankton+N+Sg+Nom
plankton	plankton+N+Sg+Gen
plankton	plankton+N+Sg+Acc

niälgum	niälguđ+V+PrfPrc
niälgum	niälguđ+V+Der2+Der/NomAct+N+Sg+Nom
niälgum	niälguđ+V+Der2+Der/NomAct+N+Sg+Gen
niälgum	niälguđ+V+Der2+Der/NomAct+N+Sg+Acc
niälgum	niälguđ+V+Actio+Nom
niälgum	niälguđ+V+Der3+Der/Pass+V+IV+PrfPrc
niälgum	niälguđ+V+Der3+Der/Pass+V+IV+Actio+Nom
niälgum	niälguđ+V+Der3+Der/Pass+V+IV+Ind+Prt+ConNeg
niälgum	niälguđ+V+Ind+Prt+ConNeg
niälgum	niälguđ+V+Ind+Prs+Sg1
niälgum	niälguđ+V+Der/NomAct+N+Sg+Nom
niälgum	niälguđ+V+Der/NomAct+N+Sg+Gen
niälgum	niälguđ+V+Der/NomAct+N+Sg+Acc
niälgum	niälguđ+V+Der/Pass+V+IV+PrfPrc
niälgum	niälguđ+V+Der/Pass+V+IV+Actio+Nom
niälgum	niälguđ+V+Der/Pass+V+IV+Ind+Prt+ConNeg

bakteereh	bakteer+N+Pl+Nom

Uuno	Uuno+N+Prop+Sem/Mal+Attr
Uuno	Uuno+N+Prop+Sem/Mal+Sg+Gen
Uuno	Uuno+N+Prop+Sem/Mal+Sg+Acc
Uuno	Uuno+N+Prop+Sem/Mal+Sg+Nom

Sevžjäävri	Sevžjävri+N+Prop+Sem/Sur+Sg+Gen
Sevžjäävri	Sevžjävri+N+Prop+Sem/Sur+Sg+Acc
Sevžjäävri	Sevžjävri+N+Prop+Sem/Plc+Sg+Gen
Sevžjäävri	Sevžjävri+N+Prop+Sem/Plc+Sg+Acc

Niijlâs	Niijlâs+N+Prop+Sem/Mal+Attr
Niijlâs	Niijlâs+N+Prop+Sem/Mal+Sg+Nom
Niijlâs	Niijlâs+N+Prop+Sem/Mal+Sg+Gen
Niijlâs	Niijlâs+N+Prop+Sem/Mal+Sg+Acc

Mikkâl	Mikkâl+N+Prop+Sem/Mal+Attr
Mikkâl	Mikkâl+N+Prop+Sem/Mal+Sg+Nom
Mikkâl	Mikkâl+N+Prop+Sem/Mal+Sg+Gen
Mikkâl	Mikkâl+N+Prop+Sem/Mal+Sg+Acc

IP	IP+N+ACR+Sg+Nom
IP	IP+N+ACR+Sg+Gen
IP	IP+N+ACR+Sg+Acc

D4	D4+Num+Arab+Sg+Nom
D4	D4+Num+Arab+Sg+Gen
D4	D4+Num+Arab+Sg+Acc
D4	D4+Num+Arab+Sg+Loc+Attr
D4	D4+Num+Arab+Sg+Ill+Attr

čivgá	čivgâđ+V+Ind+Prs+Sg3

táin	táin	+?

suáijáás	suáijáás	+?

rammid	rammi+N+Par
rammid	rammi+N+Sg+Nom+PxSg2
rammid	rammi+N+Sg+Nom+PxPl2
rammid	rammi+N+Sg+Nom+PxDu2
rammid	rammi+N+Sg+Gen+PxDu2
rammid	rammi+N+Sg+Gen+PxPl2
rammid	rammi+N+Sg+Gen+PxSg2
rammid	rammi+N+Sg+Acc+PxDu2
rammid	rammi+N+Sg+Acc+PxPl2
rammid	rammi+N+Sg+Acc+PxSg2

pup	pup+Interj

morfeemtääsist	morfeem+N+Cmp/SgNom+Cmp#tääsi+N+Sg+Loc
morfeemtääsist	morfeem+N+Cmp/SgGen+Cmp#tääsi+N+Sg+Loc
morfeemtääsist	morfeemtääsi+N+Sg+Loc

kuo	kuo+CS
kuo	kuo+Adv

jyehilágán	jyehilágán+A+Sg+Nom
jyehilágán	jyehilágán+A+Sg+Gen
jyehilágán	jyehilágán+A+Sg+Acc
jyehilágán	jyehilágán+A+Attr

junást	juná+N+Sg+Loc

junán	juná+N+Ess
junán	juná+N+Sg+Ill
junán	juná+N+Sg+Gen+PxDu1
junán	juná+N+Sg+Gen+PxPl1
junán	juná+N+Sg+Gen+PxSg1
junán	juná+N+Sg+Acc+PxDu1
junán	juná+N+Sg+Acc+PxPl1
junán	juná+N+Sg+Acc+PxSg1
junán	juná+N+Sg+Nom+PxPl1
junán	juná+N+Sg+Nom+PxDu1

junáin	juná+N+Sg+Com
junáin	juná+N+Pl+Loc

cuovkkânâm	cuovkkâniđ+V+PrfPrc
cuovkkânâm	cuovkkâniđ+V+Ind+Prt+ConNeg
cuovkkânâm	cuovkkâniđ+V+Ind+Prs+Sg1

Regnaf	Regnaf+N+Prop+Sem/Mal+Attr
Regnaf	Regnaf+N+Prop+Sem/Mal+Sg+Nom
Regnaf	Regnaf+N+Prop+Sem/Mal+Sg+Gen
Regnaf	Regnaf+N+Prop+Sem/Mal+Sg+Acc

Jeđe	jeđe+CC

Jeesusân	Jeesus+N+Prop+Sem/Mal+Sg+Ill

D2	D2+Num+Arab+Sg+Nom
D2	D2+Num+Arab+Sg+Gen
D2	D2+Num+Arab+Sg+Acc
D2	D2+Num+Arab+Sg+Loc+Attr
D2	D2+Num+Arab+Sg+Ill+Attr

váráduv	várádâh+N+Sg+Gen
váráduv	várádâh+N+Sg+Acc
váráduv	váráduđ+V+Ind+Prs+Du3

máddáápele	máddáá+N+Cmp/SgNom+Cmp#peeli+N+Sg+Gen
máddáápele	máddáá+N+Cmp/SgNom+Cmp#peeli+N+Sg+Acc

ekologâlâš	ekologâlâš+A+Sg+Nom
ekologâlâš	ekologâlâš+A+Attr

Maađij	maađij+N+Sg+Nom
Maađij	maađij+N+Sg+Gen
Maađij	maađij+N+Sg+Acc
Maađij	Maađij+N+Prop+Attr

Irjánâš	Irjánâš+N+Prop+Sem/Mal+Attr
Irjánâš	Irjánâš+N+Prop+Sem/Mal+Sg+Nom
Irjánâš	Irjánâš+N+Prop+Sem/Mal+Sg+Gen
Irjánâš	Irjánâš+N+Prop+Sem/Mal+Sg+Acc

tánávt	tánávt+Adv

tuámittij	tuámittiđ+V+Ind+Prt+Sg3

sänitärhis	sänitärkki+A+Attr

purrâm	purrâm	+?

paldluvâi	paldluvâi+Adv

paajeeld	paajeeld+Adv

mm	mm+N+ABBR
mm	mm+N+ABBR+Par
mm	mm+N+ABBR+Ess
mm	mm+N+ABBR+Pl+Nom
mm	mm+N+ABBR+Sg+Nom
mm	mm+N+ABBR+Sg+Loc
mm	mm+N+ABBR+Sg+Gen

mievtâ	miehtâ+N+Sg+Gen
mievtâ	miehtâ+N+Sg+Acc

loopâkeččin	loopâkeččin+Adv

kaijuuh	kaijuu+N+Pl+Nom

hoksám	hoksáđ+V+PrfPrc
hoksám	hoksáđ+V+Actio+Nom
hoksám	hoksáđ+V+Der/NomAct+N+Sg+Nom
hoksám	hoksáđ+V+Der/NomAct+N+Sg+Gen
hoksám	hoksáđ+V+Der/NomAct+N+Sg+Acc
hoksám	hoksáđ+V+Der2+Der/NomAct+N+Sg+Nom
hoksám	hoksáđ+V+Der2+Der/NomAct+N+Sg+Gen
hoksám	hoksáđ+V+Der2+Der/NomAct+N+Sg+Acc
hoksám	hoksáđ+V+Ind+Prt+ConNeg

forgâbalij	forgâbalij	+?

aaihâ	aikkâ+N+Sg+Gen
aaihâ	aikkâ+N+Sg+Acc

Uusi	Uusi	+?

Nuuvtpâ	Nuuvtpâ	+?

Muumienni	Muumi+N+Prop+Sem/Ani+Cmp/SgGen+Cmp#enni+N+Sg+Nom
Muumienni	Muumi+N+Prop+Sem/Ani+Cmp/SgNom+Cmp#enni+N+Sg+Nom
Muumienni	Muumienni+N+Prop+Sem/Ani+Attr
Muumienni	Muumienni+N+Prop+Sem/Ani+Sg+Nom

Jeesusist	Jeesus+N+Prop+Sem/Mal+Sg+Loc

Algaad	alge+N+Sg+Gen+PxDu2
Algaad	alge+N+Sg+Gen+PxPl2
Algaad	alge+N+Sg+Gen+PxSg2
Algaad	alge+N+Sg+Acc+PxDu2
Algaad	alge+N+Sg+Acc+PxPl2
Algaad	alge+N+Sg+Acc+PxSg2
Algaad	alge+N+Sg+Nom+PxDu2
Algaad	alge+N+Sg+Nom+PxPl2
Algaad	alge+N+Sg+Nom+PxSg2

Čsookh	Čsookh+N+Prop+Sem/Ani+Attr
Čsookh	Čsookh+N+Prop+Sem/Ani+Sg+Nom
Čsookh	Čsookh+N+Prop+Sem/Ani+Sg+Gen
Čsookh	Čsookh+N+Prop+Sem/Ani+Sg+Acc

äässih	äässih	+?

vyelligis	vyelligis	+?

vihkosâd	vihko+N+Sg+Ill+PxDu2
vihkosâd	vihko+N+Sg+Ill+PxPl2
vihkosâd	vihko+N+Sg+Ill+PxSg2

syeijee	suoijiđ+V+Ind+Prs+Sg3

raavâdamnâsijd	raavâd+N+Cmp/SgNom+Cmp#aamnâs+N+Pl+Acc
raavâdamnâsijd	raavâdaamnâs+N+Pl+Acc

njomâttempirrâmpeivi	njomâttiđ+V+Der2+Der/NomAct+N+Cmp/SgNom+Cmp#pirrâmpeivi+N+Sg+Nom
njomâttempirrâmpeivi	njomâttiđ+V+Der/NomAct+N+Cmp/SgNom+Cmp#pirrâmpeivi+N+Sg+Nom
njomâttempirrâmpeivi	njomâttem+N+Cmp/SgNom+Cmp#pirrâmpeivi+N+Sg+Nom

Timotei	timotei+N+Sg+Gen
Timotei	timotei+N+Sg+Acc
Timotei	timotei+N+Sg+Nom

Pieinis-*Piäkká	Pieinis-*Piäkká	+?

Joh	Joh+N+ABBR+Attr
Joh	Joh+N+ABBR+Sg+Nom
Joh	Joh+N+ABBR+Sg+Gen
Joh	Joh+N+ABBR+Sg+Acc

Čivtjuv	Čivtjuv	+?

áppád	áppáá+A+Par
áppád	áppádiđ+V+IV+Imprt+Sg2
áppád	áppádiđ+V+IV+Imprt+ConNeg
áppád	áppádiđ+V+IV+Ind+Prs+Sg3
áppád	áppádiđ+V+IV+Ind+Prs+ConNeg

viehâlágán	viehâlágán+A+Sg+Nom
viehâlágán	viehâlágán+A+Sg+Gen
viehâlágán	viehâlágán+A+Sg+Acc
viehâlágán	viehâlágán+A+Attr

verdi	verdi+N+Sg+Nom

táid	táid	+?

stuárrâb	stuárrâb	+?

peeccih	peeccih+N+Sg+Nom
peeccih	peeccih+N+Sg+Gen
peeccih	peeccih+N+Sg+Acc

oovtmano	oovtmano+Adv

nohádiđ	nohádiđ+V+Inf
nohádiđ	nohádiđ+V+Imprt+Pl2

mahte	mahte+Pcle

luándudirektiiv	luándu+N+Cmp/SgGen+Cmp#direktiv+N+Sg+Nom
luándudirektiiv	luándu+N+Cmp/SgGen+Cmp#direktiv+N+Sg+Gen
luándudirektiiv	luándu+N+Cmp/SgGen+Cmp#direktiv+N+Sg+Acc
luándudirektiiv	luándu+N+Cmp/SgNom+Cmp#direktiv+N+Sg+Nom
luándudirektiiv	luándu+N+Cmp/SgNom+Cmp#direktiv+N+Sg+Gen
luándudirektiiv	luándu+N+Cmp/SgNom+Cmp#direktiv+N+Sg+Acc

imâšijd	imâšijd	+?

MLO	MLO+N+ACR+Sg+Nom
MLO	MLO+N+ACR+Sg+Gen
MLO	MLO+N+ACR+Sg+Acc

LUUK	LUUK+N+ACR+Sg+Nom
LUUK	LUUK+N+ACR+Sg+Gen
LUUK	LUUK+N+ACR+Sg+Acc

Cari	Cari	+?

πληρόω	πληρόω	+?

viestârbeln	viestârbeln+Po

teivâsij	teivâsiđ+V+Ind+Prt+Sg3

tehelâš	tehelâš+A+Sg+Nom
tehelâš	tehelâš+A+Attr

suovsâid	suoksâ+N+Pl+Acc
suovsâid	suoksâđ+V+Ind+Prt+Pl2

se	se	+?

mááđuh	máátu+v1+N+Pl+Nom

lain	lain	+?

laddâm	laddâ+N+Sg+Nom+PxSg1
laddâm	laddâ+N+Sg+Gen+PxSg1+Err/Orth
laddâm	laddâ+N+Sg+Acc+PxSg1+Err/Orth
laddâm	laddâđ+V+PrfPrc
laddâm	laddâđ+V+Actio+Nom
laddâm	laddâđ+V+Ind+Prt+ConNeg
laddâm	laddâđ+V+Der2+Der/NomAct+N+Sg+Nom
laddâm	laddâđ+V+Der2+Der/NomAct+N+Sg+Gen
laddâm	laddâđ+V+Der2+Der/NomAct+N+Sg+Acc
laddâm	laddâđ+V+Der/NomAct+N+Sg+Nom
laddâm	laddâđ+V+Der/NomAct+N+Sg+Gen
laddâm	laddâđ+V+Der/NomAct+N+Sg+Acc

kámpá	kámppá+N+Sg+Gen
kámpá	kámppá+N+Sg+Acc

kuálmâd	kuálmâd+A+Sg+Nom
kuálmâd	kuálmâd+A+Sg+Gen
kuálmâd	kuálmâd+A+Sg+Acc

epke	epke	+?

aččin	aččin	+?

Muotâvielgâd	muotâvielgâd+A+Sg+Nom
Muotâvielgâd	muotâvielgâd+A+Sg+Gen
Muotâvielgâd	muotâvielgâd+A+Sg+Acc

Mondet	mondet+Adv

Belgo	Belgo+N+Prop+Sem/Mal+Attr
Belgo	Belgo+N+Prop+Sem/Mal+Sg+Nom
Belgo	Belgo+N+Prop+Sem/Mal+Sg+Gen
Belgo	Belgo+N+Prop+Sem/Mal+Sg+Acc

Amahmis	amahmis+Interj

Ailâ-oabbá	Ailâ-oabbá	+?

Aailâ	Ailâ+N+Prop+Sem/Fem+Sg+Gen
Aailâ	Ailâ+N+Prop+Sem/Fem+Sg+Acc

σῴζω	σῴζω	+?

uđâgái	uđâgâš+N+Pl+Gen

uáđđáđ	uáđđáđ+V+Inf
uáđđáđ	uáđđáđ+V+Imprt+Pl2

skivŋe	skivŋe+N+Sg+Gen
skivŋe	skivŋe+N+Sg+Acc
skivŋe	skivŋe+N+Sg+Nom

sistees	sistees+Po

nuávdittiđ	nuávdittiđ+V+Imprt+Pl2
nuávdittiđ	nuávdittiđ+V+Inf

nomâlâssân	nomâlâssân+Adv

maŋeláhháá	maŋeláhháá+Adv

kuuđđâđ	kuuđđâđ+V+Inf
kuuđđâđ	kuuđđâđ+V+Imprt+Pl2

kuheldâlâš	kuheldâlâš+A+Sg+Nom
kuheldâlâš	kuheldâlâš+A+Attr

keejân	keejân	+?

kalgâ	kalgâ	+?

jispa	jispa	+?

jiejâs	jiejâs	+?

hiämáskâm	hiämáskiđ+V+IV+PrfPrc
hiämáskâm	hiämáskiđ+V+IV+Ind+Prt+ConNeg
hiämáskâm	hiämáskiđ+V+IV+Ind+Prs+Sg1

fárusis	fárusis+Adv+PxSg3
fárusis	fárusis+Adv+PxPl3
fárusis	fárusis+Adv+PxDu3

Muumi	Muumi+N+Prop+Sem/Ani+Attr
Muumi	Muumi+N+Prop+Sem/Ani+Sg+Nom
Muumi	Muumi+N+Prop+Sem/Ani+Sg+Gen
Muumi	Muumi+N+Prop+Sem/Ani+Sg+Acc

Haansâ	Hanssâ+N+Prop+Sem/Sur+Sg+Gen
Haansâ	Hanssâ+N+Prop+Sem/Sur+Sg+Acc
Haansâ	Hanssâ+N+Prop+Sem/Mal+Sg+Gen
Haansâ	Hanssâ+N+Prop+Sem/Mal+Sg+Acc

čáállâm	čáállâm	+?

tutâvâžžân	tutâvâš+A+Ess

sittágin#!	sittágin#!	+?

polgupyerá	polgupyerá+N+Sg+Gen
polgupyerá	polgupyerá+N+Sg+Acc
polgupyerá	polgupyerá+N+Sg+Nom

oovdâs	oovdâs+Adv

kejâstâllâđ	kejâstiđ+V+Der2+Der/alla+V+Inf
kejâstâllâđ	kejâstiđ+V+Der2+Der/alla+V+Imprt+Pl2
kejâstâllâđ	kejâstiđ+V+Der/alla+V+Inf
kejâstâllâđ	kejâstiđ+V+Der/alla+V+Imprt+Pl2
kejâstâllâđ	kejâstâllâđ+V+Inf
kejâstâllâđ	kejâstâllâđ+V+Imprt+Pl2

hundârušâi	hundâruššâđ+V+Ind+Prt+Sg3

hirmástâlâi	hirmástâllâđ+V+Ind+Prt+Sg3

Lijgešoddâm	lijge+N+Cmp/SgNom+Cmp#šoddâm+N+Sg+Nom
Lijgešoddâm	lijge+N+Cmp/SgNom+Cmp#šoddâm+N+Sg+Gen
Lijgešoddâm	lijge+N+Cmp/SgNom+Cmp#šoddâm+N+Sg+Acc
Lijgešoddâm	lijge+N+Cmp/SgNom+Cmp#šoddâđ+V+IV+Der2+Der/NomAct+N+Sg+Nom
Lijgešoddâm	lijge+N+Cmp/SgNom+Cmp#šoddâđ+V+IV+Der2+Der/NomAct+N+Sg+Gen
Lijgešoddâm	lijge+N+Cmp/SgNom+Cmp#šoddâđ+V+IV+Der2+Der/NomAct+N+Sg+Acc
Lijgešoddâm	lijge+N+Cmp/SgNom+Cmp#šoddâđ+V+IV+Der/NomAct+N+Sg+Nom
Lijgešoddâm	lijge+N+Cmp/SgNom+Cmp#šoddâđ+V+IV+Der/NomAct+N+Sg+Gen
Lijgešoddâm	lijge+N+Cmp/SgNom+Cmp#šoddâđ+V+IV+Der/NomAct+N+Sg+Acc
Lijgešoddâm	lijgešoddâm+N+Sg+Nom
Lijgešoddâm	lijgešoddâm+N+Sg+Gen
Lijgešoddâm	lijgešoddâm+N+Sg+Acc

Isá	Issá+N+Prop+Sem/Mal+Sg+Gen
Isá	Issá+N+Prop+Sem/Mal+Sg+Acc

Heiháin	Heikkâ+N+Prop+Sem/Mal+Sg+Com

C3	C3+Num+Arab+Sg+Nom
C3	C3+Num+Arab+Sg+Gen
C3	C3+Num+Arab+Sg+Acc
C3	C3+Num+Arab+Sg+Loc+Attr
C3	C3+Num+Arab+Sg+Ill+Attr

vyejestáim	vyejestiđ+V+Ind+Prt+Du1

veerstâi	verstâ+N+Pl+Gen

vaanhimij	vaanhim+N+Pl+Gen
vaanhimij	vaanhimeh+N+Pl+Gen

tet	tet+Po

stellejum	stelliđ+V+TV+Der3+Der/Pass+V+IV+PrfPrc
stellejum	stelliđ+V+TV+Der3+Der/Pass+V+IV+Ind+Prt+ConNeg
stellejum	stelliđ+V+TV+Der/Pass+V+IV+PrfPrc
stellejum	stelliđ+V+TV+Der/Pass+V+IV+Ind+Prt+ConNeg
stellejum	stelliđ+V+TV+Imprt+Sg1

ravâdist	raavvâd+N+Sg+Loc
ravâdist	raavâd+N+Sg+Loc

puuvko	puuvko	+?

pitážin	pitážin	+?

piervâlis	piervâl+N+Sg+Gen+PxSg3
piervâlis	piervâl+N+Sg+Gen+PxPl3
piervâlis	piervâl+N+Sg+Gen+PxDu3
piervâlis	piervâl+N+Sg+Acc+PxSg3
piervâlis	piervâl+N+Sg+Acc+PxPl3
piervâlis	piervâl+N+Sg+Acc+PxDu3

piergâsijd	piergâs+N+Pl+Acc

korrâsubbooht	korrâsubbooht+Adv

konduktöör	konduktöör+N+Sg+Nom
konduktöör	konduktöör+N+Sg+Gen
konduktöör	konduktöör+N+Sg+Acc

jotelubbooht	jotelubbooht	+?

iivne	iivne	+?

hiäimun	hiäimu+N+Ess
hiäimun	hiäimu+N+Sg+Ill
hiäimun	hiäimu+N+Sg+Gen+PxDu1
hiäimun	hiäimu+N+Sg+Gen+PxPl1
hiäimun	hiäimu+N+Sg+Gen+PxSg1
hiäimun	hiäimu+N+Sg+Acc+PxDu1
hiäimun	hiäimu+N+Sg+Acc+PxPl1
hiäimun	hiäimu+N+Sg+Acc+PxSg1
hiäimun	hiäimu+N+Sg+Nom+PxPl1
hiäimun	hiäimu+N+Sg+Nom+PxDu1

Saana	Saana+N+Prop+Sem/Fem+Attr
Saana	Saana+N+Prop+Sem/Fem+Sg+Gen
Saana	Saana+N+Prop+Sem/Fem+Sg+Acc
Saana	Saana+N+Prop+Sem/Fem+Sg+Nom

Kierrâš	kierâš+N+Sg+Gen
Kierrâš	kierâš+N+Sg+Acc

áigá	áigá	+?

vuál	vuál+Adv

vuovdâ	vuovdâ+N+Sg+Gen
vuovdâ	vuovdâ+N+Sg+Acc
vuovdâ	vuovdâ+N+Sg+Nom

viättá	viettiđ+v2+V+Ind+Prs+Sg3

vijđodâh	vijđodâh+N+Sg+Nom

viestârân	viestârân+Adv
viestârân	viestâr+N+Sg+Ill
viestârân	viestâr+N+Sg+Nom+PxDu1
viestârân	viestâr+N+Sg+Nom+PxPl1
viestârân	viestâr+N+Sg+Gen+PxDu1
viestârân	viestâr+N+Sg+Gen+PxPl1
viestârân	viestâr+N+Sg+Gen+PxSg1
viestârân	viestâr+N+Sg+Acc+PxDu1
viestârân	viestâr+N+Sg+Acc+PxPl1
viestârân	viestâr+N+Sg+Acc+PxSg1

tiätulágán	tiätulágán+A+Sg+Nom
tiätulágán	tiätulágán+A+Sg+Gen
tiätulágán	tiätulágán+A+Sg+Acc
tiätulágán	tiätulágán+A+Attr

tevkisselgkaijuu	tevkisselgkaijuu+N+Sg+Nom
tevkisselgkaijuu	tevkisselgkaijuu+N+Sg+Gen
tevkisselgkaijuu	tevkisselgkaijuu+N+Sg+Acc

tađemield	tađemield	+?

saimaanuárju	saimaanuárju+N+Sg+Gen
saimaanuárju	saimaanuárju+N+Sg+Acc
saimaanuárju	saimaanuárju+N+Sg+Nom

piisam	piisam+N+Sg+Nom
piisam	piisam+N+Sg+Gen
piisam	piisam+N+Sg+Acc

pessiđ	pessiđ+V+Imprt+Pl2
pessiđ	pessiđ+V+Inf

peeivitäsideijee	peeivitäsideijee+N+NomAg+Sg+Nom
peeivitäsideijee	peeivitäsideijee+N+NomAg+Sg+Gen
peeivitäsideijee	peeivitäsideijee+N+NomAg+Sg+Acc
peeivitäsideijee	peivi+N+Cmp/SgGen+Cmp#täsidiđ+V+Der2+Der/NomAg+N+Sg+Nom
peeivitäsideijee	peivi+N+Cmp/SgGen+Cmp#täsidiđ+V+Der2+Der/NomAg+N+Sg+Gen
peeivitäsideijee	peivi+N+Cmp/SgGen+Cmp#täsidiđ+V+Der2+Der/NomAg+N+Sg+Acc
peeivitäsideijee	peivi+N+Cmp/SgGen+Cmp#täsidiđ+V+Der/NomAg+N+Sg+Nom
peeivitäsideijee	peivi+N+Cmp/SgGen+Cmp#täsidiđ+V+Der/NomAg+N+Sg+Gen
peeivitäsideijee	peivi+N+Cmp/SgGen+Cmp#täsidiđ+V+Der/NomAg+N+Sg+Acc

nyevt	nyevt+Pcle

mutteđ	mutteđ+V+Inf
mutteđ	mutteđ+V+Imprt+Pl2

lahtâ	laavtâs+A+Attr

kuáhtái	kuáhtáđ+V+Ind+Prt+Sg3

kočâttâm	kočâttiđ+V+PrfPrc
kočâttâm	kočâttiđ+V+Ind+Prt+ConNeg
kočâttâm	kočâttiđ+V+Ind+Prs+Sg1

kohân	kohân	+?

kobdosâš	kobdosâš+A+Sg+Nom
kobdosâš	kobdosâš+A+Attr

kejâstâlâi	kejâstiđ+V+Der2+Der/alla+V+Ind+Prt+Sg3
kejâstâlâi	kejâstiđ+V+Der/alla+V+Ind+Prt+Sg3
kejâstâlâi	kejâstâllâđ+V+Ind+Prt+Sg3

häittid	häittidiđ+V+Imprt+Sg2
häittid	häittidiđ+V+Imprt+ConNeg
häittid	häittidiđ+V+Ind+Prs+Sg3
häittid	häittidiđ+V+Ind+Prs+ConNeg

aalgât	algâttiđ+V+Ind+Prs+Sg3
aalgât	algâttiđ+V+Ind+Prs+ConNeg
aalgât	algâttiđ+V+Imprt+Sg2

Uđâgááh	uđâgâš+N+Pl+Nom

UM	UM+N+ACR+Sg+Nom
UM	UM+N+ACR+Sg+Gen
UM	UM+N+ACR+Sg+Acc

Tallet	tallet+Adv

Suomen	Suomen	+?

Saarelist	Saarel+N+Prop+Sem/Sur+Sg+Loc
Saarelist	Saarel+N+Prop+Sem/Plc+Sg+Loc

Rooma	Rooma+N+Prop+Sem/Sur+Attr
Rooma	Rooma+N+Prop+Sem/Sur+Sg+Gen
Rooma	Rooma+N+Prop+Sem/Sur+Sg+Acc
Rooma	Rooma+N+Prop+Sem/Sur+Sg+Nom
Rooma	Rooma+N+Prop+Sem/Plc+Attr
Rooma	Rooma+N+Prop+Sem/Plc+Sg+Gen
Rooma	Rooma+N+Prop+Sem/Plc+Sg+Acc
Rooma	Rooma+N+Prop+Sem/Plc+Sg+Nom

Puupâ	Puppâ+N+Prop+Sem/Ani+Sg+Gen
Puupâ	Puppâ+N+Prop+Sem/Ani+Sg+Acc

Piisam	piisam+N+Sg+Nom
Piisam	piisam+N+Sg+Gen
Piisam	piisam+N+Sg+Acc

Káijá	Káijá	+?

Juhháán-Uvláin	Juhháán+N+Prop+Sem/Mal+Cmp/SgNom+Cmp-#Uvl+N+Prop+Sem/Mal+Sg+Com
Juhháán-Uvláin	Juhháán+N+Prop+Sem/Mal+Cmp/SgGen+Cmp-#Uvl+N+Prop+Sem/Mal+Sg+Com

D3	D3+Num+Arab+Sg+Nom
D3	D3+Num+Arab+Sg+Gen
D3	D3+Num+Arab+Sg+Acc
D3	D3+Num+Arab+Sg+Loc+Attr
D3	D3+Num+Arab+Sg+Ill+Attr

čässuáiván	čässuáivi+N+Sg+Ill
čässuáiván	čässuáivi+N+Sg+Gen+PxDu1
čässuáiván	čässuáivi+N+Sg+Gen+PxPl1
čässuáiván	čässuáivi+N+Sg+Gen+PxSg1
čässuáiván	čässuáivi+N+Sg+Acc+PxDu1
čässuáiván	čässuáivi+N+Sg+Acc+PxPl1
čässuáiván	čässuáivi+N+Sg+Acc+PxSg1
čässuáiván	čässuáivi+N+Sg+Nom+PxDu1
čässuáiván	čässuáivi+N+Sg+Nom+PxPl1

čuđeh	čuđe+N+Pl+Nom

čuálmi	čuálmi+N+Sg+Nom
čuálmi	čuálmi+N+Sg+Gen
čuálmi	čuálmi+N+Sg+Acc

č	č+N+ABBR+Attr
č	č+N+ABBR+Sg+Nom
č	č+N+ABBR+Sg+Gen
č	č+N+ABBR+Sg+Acc
č	č+CmpNP/First+N+ABBR+Attr
č	č+CmpNP/First+N+ABBR+Sg+Nom
č	č+CmpNP/First+N+ABBR+Sg+Gen
č	č+CmpNP/First+N+ABBR+Sg+Acc

turkkâ	turkkâ+N+Sg+Nom

tiäváá	tiäváá	+?

tergâd	tergâd+A+Sg+Nom
tergâd	tergâd+A+Sg+Gen
tergâd	tergâd+A+Sg+Acc

su	su	+?

pygálus	pygálus	+?

piergâseh	piergâs+N+Pl+Nom

ohtsii	ohtsâš+A+Sg+Gen
ohtsii	ohtsâš+A+Sg+Acc
ohtsii	ohtsâš+N+Sg+Gen
ohtsii	ohtsâš+N+Sg+Acc

kuovđâšm	kuovđâšm+N+Sg+Nom
kuovđâšm	kuovđâšm+N+Sg+Gen
kuovđâšm	kuovđâšm+N+Sg+Acc

ađâi	ađâi	+?

Tilkku	Tilkku	+?

Spiekâstmijn	spiekâstem+N+Pl+Loc

Piervâl	piervâl+N+Sg+Nom
Piervâl	piervâl+N+Sg+Gen
Piervâl	piervâl+N+Sg+Acc

Limppo	limppo+N+Sg+Nom
Limppo	limppođ+V+Ind+Prs+Sg3

Leccinum	Leccinum	+?

Hendrih	Hendrih+N+Prop+Sem/Mal+Attr
Hendrih	Hendrih+N+Prop+Sem/Mal+Sg+Nom
Hendrih	Hendrih+N+Prop+Sem/Mal+Sg+Gen
Hendrih	Hendrih+N+Prop+Sem/Mal+Sg+Acc

Ferránmoš	Ferránmoš	+?

áppádâm	áppádiđ+V+IV+PrfPrc
áppádâm	áppádiđ+V+IV+Ind+Prt+ConNeg
áppádâm	áppádiđ+V+IV+Ind+Prs+Sg1

uálgispel	uálgispel	+?

ubbâ	ubbâ+N+Cmp/SgNom+Attr+Err/Orth

táán	táán	+?

tálvásteleh	tálvásteleh	+?

tiättur	tiättur+N+Sg+Nom
tiättur	tiättur+N+Sg+Gen
tiättur	tiättur+N+Sg+Acc

taavaapele	taavaapele	+?

taavaakeš	taavaakeš	+?

stuorrâsiähá	stuorrâsiähá	+?

ruummâš	ruummâš	+?

reeviir	reeviir+N+Sg+Nom
reeviir	reeviir+N+Sg+Gen
reeviir	reeviir+N+Sg+Acc

nohádâm	nohádiđ+V+PrfPrc
nohádâm	nohádiđ+V+Ind+Prt+ConNeg
nohádâm	nohádiđ+V+Ind+Prs+Sg1

njoobžah	njobžâ+N+Pl+Nom

morfeem-ja	morfeem-ja	+?

kreikakielâsâš	kreikakielâsâš+A+Sg+Nom
kreikakielâsâš	kreikakielâsâš+A+Attr

kr	kr+N+ABBR+Attr
kr	kr+N+ABBR+Sg+Nom
kr	kr+N+ABBR+Sg+Gen
kr	kr+N+ABBR+Sg+Acc

kiihâm	kiihâđ+V+PrfPrc
kiihâm	kiihâđ+V+Ind+Prt+ConNeg
kiihâm	kiihâđ+V+Der2+Der/NomAct+N+Sg+Nom
kiihâm	kiihâđ+V+Der2+Der/NomAct+N+Sg+Gen
kiihâm	kiihâđ+V+Der2+Der/NomAct+N+Sg+Acc
kiihâm	kiihâđ+V+Actio+Nom
kiihâm	kiihâđ+V+Der/NomAct+N+Sg+Nom
kiihâm	kiihâđ+V+Der/NomAct+N+Sg+Gen
kiihâm	kiihâđ+V+Der/NomAct+N+Sg+Acc
kiihâm	kiihâm+N+Sg+Nom
kiihâm	kiihâm+N+Sg+Gen
kiihâm	kiihâm+N+Sg+Acc

jäämmih	jäämmih	+?

jáámmâm	jáámmâm	+?

juurdâštijn	juurdâštijn	+?

huámmášim	huámmášiđ+V+Actio+Nom+Err/Orth
huámmášim	huámmášiđ+V+Ind+Prt+Sg1

Samudjäävri	Samudjävri+N+Prop+Sem/Sur+Sg+Gen
Samudjäävri	Samudjävri+N+Prop+Sem/Sur+Sg+Acc
Samudjäävri	Samudjävri+N+Prop+Sem/Plc+Sg+Gen
Samudjäävri	Samudjävri+N+Prop+Sem/Plc+Sg+Acc

Piättâr	Piättár+Err/Orth+N+Prop+Sem/Mal+Attr
Piättâr	Piättár+Err/Orth+N+Prop+Sem/Mal+Sg+Nom
Piättâr	Piättár+Err/Orth+N+Prop+Sem/Mal+Sg+Gen
Piättâr	Piättár+Err/Orth+N+Prop+Sem/Mal+Sg+Acc

Noskemudágâš	Noskemudágâš+N+Prop+Sem/Ani+Sg+Nom

Kontsas	Kontsas	+?

Jos	jos+CS

Hendâ	Hendâ+N+Prop+Sem/Mal+Attr
Hendâ	Hendâ+N+Prop+Sem/Mal+Sg+Nom

C5	C5+Num+Arab+Sg+Nom
C5	C5+Num+Arab+Sg+Gen
C5	C5+Num+Arab+Sg+Acc
C5	C5+Num+Arab+Sg+Loc+Attr
C5	C5+Num+Arab+Sg+Ill+Attr

Avni	Avni+N+Prop+Sem/Fem+Sg+Nom

â	â	+?

virde	virde+N+Sg+Gen
virde	virde+N+Sg+Acc
virde	virde+N+Sg+Nom

viljâlemkuávlu	viljâlem+N+Cmp/SgNom+Cmp#kuávlu+N+Sg+Gen
viljâlemkuávlu	viljâlem+N+Cmp/SgNom+Cmp#kuávlu+N+Sg+Acc
viljâlemkuávlu	viljâlem+N+Cmp/SgNom+Cmp#kuávlu+N+Sg+Nom
viljâlemkuávlu	viljâliđ+V+Der2+Der/NomAct+N+Cmp/SgNom+Cmp#kuávlu+N+Sg+Gen
viljâlemkuávlu	viljâliđ+V+Der2+Der/NomAct+N+Cmp/SgNom+Cmp#kuávlu+N+Sg+Acc
viljâlemkuávlu	viljâliđ+V+Der2+Der/NomAct+N+Cmp/SgNom+Cmp#kuávlu+N+Sg+Nom
viljâlemkuávlu	viljâliđ+V+Der/NomAct+N+Cmp/SgNom+Cmp#kuávlu+N+Sg+Gen
viljâlemkuávlu	viljâliđ+V+Der/NomAct+N+Cmp/SgNom+Cmp#kuávlu+N+Sg+Acc
viljâlemkuávlu	viljâliđ+V+Der/NomAct+N+Cmp/SgNom+Cmp#kuávlu+N+Sg+Nom

tärkkilubbooht	tärkkilubbooht	+?

soksâmeh	soovsâ+N+Pl+Nom

rávhuidittum	rávhuidittum	+?

ruŋgo	ruŋgo+N+Sg+Gen
ruŋgo	ruŋgo+N+Sg+Acc
ruŋgo	ruŋgo+N+Sg+Nom

ovdâskulâi	ovdâskulâi+Adv

njomâtteijeeh	njomâttiđ+V+Der2+Der/NomAg+N+Pl+Nom
njomâtteijeeh	njomâttiđ+V+Der/NomAg+N+Pl+Nom
njomâtteijeeh	njomâtteijee+N+NomAg+Pl+Nom

njobžâpárnái	njobžâ+N+Cmp/SgNom+Cmp#páárnáš+N+Pl+Gen

kolgâččijm	kolgâččijm	+?

keksim	keksi+N+Sg+Nom+PxSg1
keksim	keksi+N+Sg+Gen+PxSg1+Err/Orth
keksim	keksi+N+Sg+Acc+PxSg1+Err/Orth
keksim	keksiđ+V+PrfPrc
keksim	keksiđ+V+Ind+Prt+ConNeg
keksim	keksiđ+V+Der2+Der/NomAct+N+Sg+Nom
keksim	keksiđ+V+Der2+Der/NomAct+N+Sg+Gen
keksim	keksiđ+V+Der2+Der/NomAct+N+Sg+Acc
keksim	keksiđ+V+Actio+Nom
keksim	keksiđ+V+Der/NomAct+N+Sg+Nom
keksim	keksiđ+V+Der/NomAct+N+Sg+Gen
keksim	keksiđ+V+Der/NomAct+N+Sg+Acc

jono	jono+N+Sg+Gen
jono	jono+N+Sg+Acc
jono	jono+N+Sg+Nom

huámmâš	huámmâš	+?

hoksájim	hoksáđ+V+Ind+Prt+Sg1

Uulá	Uulá+N+Prop+Attr
Uulá	Uulá+N+Prop+Sem/Mal+Attr
Uulá	Uulá+N+Prop+Sem/Mal+Sg+Nom
Uulá	Uulá+N+Prop+Sem/Mal+Sg+Gen
Uulá	Uulá+N+Prop+Sem/Mal+Sg+Acc

Uccâeŋgâlâš	Uccâeŋgâlâš	+?

Suovsah	suoksâ+N+Pl+Nom
Suovsah	suoksâđ+V+Ind+Prs+Sg2

Saarel	Saarel+N+Prop+Sem/Sur+Attr
Saarel	Saarel+N+Prop+Sem/Sur+Sg+Nom
Saarel	Saarel+N+Prop+Sem/Sur+Sg+Gen
Saarel	Saarel+N+Prop+Sem/Sur+Sg+Acc
Saarel	Saarel+N+Prop+Sem/Plc+Attr
Saarel	Saarel+N+Prop+Sem/Plc+Sg+Nom
Saarel	Saarel+N+Prop+Sem/Plc+Sg+Gen
Saarel	Saarel+N+Prop+Sem/Plc+Sg+Acc

SA#1964	SA#1964	+?

Nabai	nabai+Pcle
Nabai	nabai+CC

Kaijuuh	kaijuu+N+Pl+Nom

Joovnân	Jovnâ+N+Prop+Sem/Mal+Sg+Ill

Hygrophorus	Hygrophorus	+?

D5	D5+Num+Arab+Sg+Nom
D5	D5+Num+Arab+Sg+Gen
D5	D5+Num+Arab+Sg+Acc
D5	D5+Num+Arab+Sg+Loc+Attr
D5	D5+Num+Arab+Sg+Ill+Attr

C2	C2+Num+Arab+Sg+Nom
C2	C2+Num+Arab+Sg+Gen
C2	C2+Num+Arab+Sg+Acc
C2	C2+Num+Arab+Sg+Loc+Attr
C2	C2+Num+Arab+Sg+Ill+Attr

Anarâškielâsâš	anarâškielâsâš+A+Sg+Nom
Anarâškielâsâš	anarâškielâsâš+A+Attr

*subjekt	*subjekt	+?

*Jovnâ	*Jovnâ	+?

várádâh	várádâh+N+Sg+Nom

viälánij	viälániđ+V+Ind+Prt+Sg3

viällud	viällud+Adv

vaijaa	vaijaa+A+Sg+Nom
vaijaa	vaijaa+A+Sg+Gen
vaijaa	vaijaa+A+Sg+Acc

uáivuš	uáivuš+N+Sg+Nom
uáivuš	uáivuš+N+Sg+Gen
uáivuš	uáivuš+N+Sg+Acc

ulguupeln	ulguupeln	+?

tyelittälli	tyelittälli+Adv

tuáddum	tuádduđ+V+PrfPrc
tuáddum	tuádduđ+V+Ind+Prt+ConNeg
tuáddum	tuádduđ+V+Der2+Der/NomAct+N+Sg+Nom
tuáddum	tuádduđ+V+Der2+Der/NomAct+N+Sg+Gen
tuáddum	tuádduđ+V+Der2+Der/NomAct+N+Sg+Acc
tuáddum	tuádduđ+V+Actio+Nom
tuáddum	tuádduđ+V+Der3+Der/Pass+V+IV+PrfPrc
tuáddum	tuádduđ+V+Der/NomAct+N+Sg+Nom
tuáddum	tuádduđ+V+Der/NomAct+N+Sg+Gen
tuáddum	tuádduđ+V+Der/NomAct+N+Sg+Acc
tuáddum	tuádduđ+V+Der/Pass+V+IV+PrfPrc

toigijn	toigijn	+?

ruttiđ	ruttiđ+V+Inf
ruttiđ	ruttiđ+V+Imprt+Pl2

puárrásub	puárrásub	+?

paijaalsis	paijaalsis+Adv

ollâgâsân	ollâgâsân+Adv

nuvt	nuvt	+?

nubáloh	nubáloh+Num+Sg+Nom
nubáloh	nubáloh+Num+Sg+Gen
nubáloh	nubáloh+Num+Sg+Acc

muádilov	muádilov+Num+Sg+Nom
muádilov	muádilov+Num+Sg+Acc
muádilov	muádilov+Num+Sg+Gen

luobbâsk	luobbâsk+N+Sg+Nom
luobbâsk	luobbâsk+N+Sg+Gen
luobbâsk	luobbâsk+N+Sg+Acc

loddááš	loddááš+N+Sg+Nom

levânâm	levâniđ+V+PrfPrc
levânâm	levâniđ+V+Ind+Prt+ConNeg
levânâm	levâniđ+V+Ind+Prs+Sg1

kontturân	kontturân	+?

kolgâi	kolgâi	+?

kierrust	kierâ+N+Sg+Loc

kielten	kielten	+?

kansaškoovlâ	kansaškovlâ+N+Sg+Gen
kansaškoovlâ	kansaškovlâ+N+Sg+Acc

kamera	kamera+N+Sg+Gen
kamera	kamera+N+Sg+Acc
kamera	kamera+N+Sg+Nom

juáhhást	juáhhást	+?

iivneh	iivneh	+?

hundâruš	hundâruššâđ+V+Ind+Prs+Sg3
hundâruš	hundâruššâđ+V+Ind+Prs+ConNeg
hundâruš	hundâruššâđ+V+Imprt+Sg2

hiämáskij	hiämáskiđ+V+IV+Ind+Prt+Sg3

hellduvâin	hellduvâin	+?

halijdâh	halijdâh	+?

culijdij	culijdiđ+V+Ind+Prt+Sg3

amal	amal+Pcle

Váábu	Váábu+N+Prop+Sem/Fem+Attr
Váábu	Váábu+N+Prop+Sem/Fem+Sg+Nom
Váábu	Váábu+N+Prop+Sem/Fem+Sg+Gen
Váábu	Váábu+N+Prop+Sem/Fem+Sg+Acc

Small	Small	+?

Káájá	Káájá	+?

Jispa	Jispa	+?

Hemulâš	Hemulâš+N+Prop+Sem/Ani+Attr
Hemulâš	Hemulâš+N+Prop+Sem/Ani+Sg+Nom

B4	B4+Num+Arab+Sg+Nom
B4	B4+Num+Arab+Sg+Gen
B4	B4+Num+Arab+Sg+Acc
B4	B4+Num+Arab+Sg+Loc+Attr
B4	B4+Num+Arab+Sg+Ill+Attr

Aasluv	Aasluv+N+Prop+Sem/Mal+Attr
Aasluv	Aasluv+N+Prop+Sem/Mal+Sg+Nom
Aasluv	Aasluv+N+Prop+Sem/Mal+Sg+Gen
Aasluv	Aasluv+N+Prop+Sem/Mal+Sg+Acc

šievnáál	šievnáál+Adv

vuolgâdmin	vuolgâdiđ+V+Der2+Der/NomAct+N+Ess
vuolgâdmin	vuolgâdiđ+V+Der/NomAct+N+Ess
vuolgâdmin	vuolgâdiđ+V+Actio+Ess

veerstâst	verstâ+N+Sg+Loc

uđâgijdis	uuđâg+N+Pl+Acc+PxDu3
uđâgijdis	uuđâg+N+Pl+Acc+PxPl3
uđâgijdis	uuđâg+N+Pl+Acc+PxSg3
uđâgijdis	uuđâg+N+Pl+Com+PxDu3
uđâgijdis	uuđâg+N+Pl+Com+PxPl3
uđâgijdis	uuđâg+N+Pl+Com+PxSg3
uđâgijdis	uuđâg+N+Pl+Gen+PxDu3
uđâgijdis	uuđâg+N+Pl+Gen+PxPl3
uđâgijdis	uuđâg+N+Pl+Gen+PxSg3
uđâgijdis	uuđâg+N+Pl+Ill+PxDu3
uđâgijdis	uuđâg+N+Pl+Ill+PxPl3
uđâgijdis	uuđâg+N+Pl+Ill+PxSg3

tuomâ	tuomâ+N+Sg+Nom
tuomâ	tuomâ+N+Sg+Gen
tuomâ	tuomâ+N+Sg+Acc

potáseh	potás+N+Pl+Nom

piärán	piärán+Po
piärán	peeri+N+Sg+Ill

palijdij	palijdiđ+V+Ind+Prt+Sg3

náál	náál+Po

njavkke	njavkke	+?

mááđu	máátu+v1+N+Sg+Gen
mááđu	máátu+v1+N+Sg+Acc

muštoot	muštoot	+?

miŋkki	miŋkki+N+Sg+Nom

läälliv	läälliđ+V+Ind+Prs+Du3

loopâbeln	loopâbeln+Po

käškimčuáimáš	käškimčuáimáš+N+Sg+Nom

kunâgâtâr	kunâgâtâr+N+Sg+Nom
kunâgâtâr	kunâgâtâr+N+Sg+Gen
kunâgâtâr	kunâgâtâr+N+Sg+Acc

kiämmân	kiämmân	+?

hámásiih	hámásâš+A+Pl+Nom

ehidispeeivi	ehidispeivi+N+Sg+Gen
ehidispeeivi	ehidispeivi+N+Sg+Acc

Taru	Taru	+?

Siilâk	Siilâk	+?

Sammlii	Sammlii	+?

Saammâlkandâ	Saammâl+N+Prop+Sem/Mal+Cmp/SgNom+Cmp#kandâ+N+Sg+Nom
Saammâlkandâ	Saammâl+N+Prop+Sem/Mal+Cmp/SgGen+Cmp#kandâ+N+Sg+Nom
Saammâlkandâ	Saammâl+N+Prop+Sem/Mal+Cmp/SgGen+Cmp#kandâ+N+Sg+Nom

SA1964	SA1964	+?

Peivee	Peivee	+?

Kotimaisten	Kotimaisten	+?

Ellinoora	Ellinoora+N+Prop+Sem/Fem+Attr
Ellinoora	Ellinoora+N+Prop+Sem/Fem+Sg+Gen
Ellinoora	Ellinoora+N+Prop+Sem/Fem+Sg+Acc
Ellinoora	Ellinoora+N+Prop+Sem/Fem+Sg+Nom

Cieh	Cieh	+?

B5	B5+Num+Arab+Sg+Nom
B5	B5+Num+Arab+Sg+Gen
B5	B5+Num+Arab+Sg+Acc
B5	B5+Num+Arab+Sg+Loc+Attr
B5	B5+Num+Arab+Sg+Ill+Attr

čč	čč	+?

čäsuáivist	čäsuáivi+N+Sg+Loc

čoggâšum	čoggâšuđ+V+PrfPrc
čoggâšum	čoggâšuđ+V+Actio+Nom
čoggâšum	čoggâšuđ+V+Ind+Prt+ConNeg

Č	č+N+ABBR+Attr
Č	č+N+ABBR+Sg+Nom
Č	č+N+ABBR+Sg+Gen
Č	č+N+ABBR+Sg+Acc
Č	č+CmpNP/First+N+ABBR+Attr
Č	č+CmpNP/First+N+ABBR+Sg+Nom
Č	č+CmpNP/First+N+ABBR+Sg+Gen
Č	č+CmpNP/First+N+ABBR+Sg+Acc
Č	Č+N+ABBR+Attr
Č	Č+N+ABBR+Sg+Nom
Č	Č+N+ABBR+Sg+Gen
Č	Č+N+ABBR+Sg+Acc
Č	Č+CmpNP/First+N+ABBR+Attr
Č	Č+CmpNP/First+N+ABBR+Sg+Nom
Č	Č+CmpNP/First+N+ABBR+Sg+Gen
Č	Č+CmpNP/First+N+ABBR+Sg+Acc

ávttám	ävttiđ+V+PrfPrc
ávttám	ävttiđ+V+Ind+Prt+ConNeg

viehânáál	viehânáál+Adv

uulât	ulâttiđ+V+Ind+Prs+Sg3
uulât	ulâttiđ+V+Ind+Prs+ConNeg
uulât	ulâttiđ+V+Imprt+Sg2

täi	täi	+?

tyevli	tyevli+N+Sg+Nom
tyevli	tyevli+N+Sg+Gen
tyevli	tyevli+N+Sg+Acc

tyeggáár	tyeggáár+Pron+Dem+Attr
tyeggáár	tyeggáár+Pron+Dem+Sg+Nom
tyeggáár	tyeggáár+Pron+Dem+Sg+Gen
tyeggáár	tyeggáár+Pron+Dem+Sg+Acc

tutkimuskeskus	tutkimuskeskus	+?

tobdosumos	tobdosumos	+?

taavaakeeji	taavaakeeji	+?

sálttáás	sálttáá+A+Attr

ruossâháá	ruossâhâš+N+Sg+Gen
ruossâháá	ruossâhâš+N+Sg+Acc

raavâdkuállus	raavâd+N+Cmp/SgNom+Cmp#kuálus+N+Sg+Gen
raavâdkuállus	raavâd+N+Cmp/SgNom+Cmp#kuálus+N+Sg+Acc
raavâdkuállus	raavâdkuálus+N+Sg+Gen
raavâdkuállus	raavâdkuálus+N+Sg+Acc

planktontiäpuh	plankton+N+Cmp/SgNom+Cmp#tiäppu+N+Pl+Nom
planktontiäpuh	plankton+N+Cmp/SgGen+Cmp#tiäppu+N+Pl+Nom
planktontiäpuh	planktontiäppu+N+Pl+Nom

oli	oli	+?

nohádij	nohádiđ+V+Ind+Prt+Sg3

mááđuid	máátu+v1+N+Pl+Acc

moojiikeččin	moojiikeččin+Adv

läddlâš	läddlâš+N+Sg+Nom

lâm	lâm	+?

kyerejum	kuoriđ+V+Der3+Der/Pass+V+IV+PrfPrc
kyerejum	kuoriđ+V+Der3+Der/Pass+V+IV+Ind+Prt+ConNeg
kyerejum	kuoriđ+V+Der/Pass+V+IV+PrfPrc
kyerejum	kuoriđ+V+Der/Pass+V+IV+Ind+Prt+ConNeg
kyerejum	kuoriđ+V+Imprt+Sg1

innâg	innâg	+?

addâgâsadelem	addâgâsadelem+N+Sg+Nom
addâgâsadelem	addâgâsadelem+N+Sg+Gen
addâgâsadelem	addâgâsadelem+N+Sg+Acc

Njeellim	Njeellim	+?

Lesk-*Ant	Lesk-*Ant	+?

Karri	Karri	+?

KTK05	KTK05	+?

Juh	Juh	+?

Joovnâst	Jovnâ+N+Prop+Sem/Mal+Sg+Loc

E5	E5+Num+Arab+Sg+Nom
E5	E5+Num+Arab+Sg+Gen
E5	E5+Num+Arab+Sg+Acc
E5	E5+Num+Arab+Sg+Loc+Attr
E5	E5+Num+Arab+Sg+Ill+Attr

Dumbo	Dumbo+N+Prop+Sem/Ani+Attr
Dumbo	Dumbo+N+Prop+Sem/Ani+Sg+Nom
Dumbo	Dumbo+N+Prop+Sem/Ani+Sg+Gen
Dumbo	Dumbo+N+Prop+Sem/Ani+Sg+Acc

B3	B3+Num+Arab+Sg+Nom
B3	B3+Num+Arab+Sg+Gen
B3	B3+Num+Arab+Sg+Acc
B3	B3+Num+Arab+Sg+Loc+Attr
B3	B3+Num+Arab+Sg+Ill+Attr

*objekt	*objekt	+?

eaivvit-*Vuáláppâš	eaivvit-*Vuáláppâš	+?

čokijdâm	čokijdâm	+?

čerrih	čerrih+N+Sg+Nom
čerrih	čerrih+N+Sg+Gen
čerrih	čerrih+N+Sg+Acc

ääpi	ääpi+N+Sg+Nom
ääpi	äppi+N+Sg+Gen
ääpi	äppi+N+Sg+Acc

ávttâm	ävttiđ+V+PrfPrc+Err/Orth

vyeln	vyeln	+?

vuođâlovvoost	vuođâloho+N+Sg+Loc

vijđoduv	vijđodâh+N+Sg+Gen
vijđoduv	vijđodâh+N+Sg+Acc

viirrâm	viirrâđ+V+PrfPrc
viirrâm	viirrâđ+V+Ind+Prt+ConNeg
viirrâm	viirrâđ+V+Der2+Der/NomAct+N+Sg+Nom
viirrâm	viirrâđ+V+Der2+Der/NomAct+N+Sg+Gen
viirrâm	viirrâđ+V+Der2+Der/NomAct+N+Sg+Acc
viirrâm	viirrâđ+V+Actio+Nom
viirrâm	viirrâđ+V+Der/NomAct+N+Sg+Nom
viirrâm	viirrâđ+V+Der/NomAct+N+Sg+Gen
viirrâm	viirrâđ+V+Der/NomAct+N+Sg+Acc

verstâ	verstâ+N+Sg+Nom

tálvástâl	tálvástâllâđ+V+Ind+Prs+Sg3
tálvástâl	tálvástâllâđ+V+Ind+Prs+ConNeg
tálvástâl	tálvástâllâđ+V+Imprt+Sg2

teivâsâm	teivâsiđ+V+PrfPrc
teivâsâm	teivâsiđ+V+Ind+Prt+ConNeg
teivâsâm	teivâsiđ+V+Ind+Prs+Sg1

tavemuu	tavemuu	+?

tastan	tastan+Adv

taavaapiäláá	taavaapiäláá	+?

sanoin	sanoin	+?

ruáhásij	ruáhásiđ+V+Ind+Prt+Sg3

ruuvnâmeccitorppa	ruuvnâmeccitorppa	+?

rievdâm	rievdâđ+V+PrfPrc
rievdâm	rievdâđ+V+Actio+Nom
rievdâm	rievdâđ+V+Der2+Der/NomAct+N+Sg+Nom
rievdâm	rievdâđ+V+Der2+Der/NomAct+N+Sg+Gen
rievdâm	rievdâđ+V+Der2+Der/NomAct+N+Sg+Acc
rievdâm	rievdâđ+V+Ind+Prt+ConNeg
rievdâm	rievdâđ+V+Ind+Prs+Sg1
rievdâm	rievdâđ+V+Der/NomAct+N+Sg+Nom
rievdâm	rievdâđ+V+Der/NomAct+N+Sg+Gen
rievdâm	rievdâđ+V+Der/NomAct+N+Sg+Acc

puátteš	puátteš	+?

pustaveh	puustav+N+Pl+Nom

pihtsijd	pihtsijd	+?

pahudij	pahudiđ+V+Ind+Prt+Sg3

ovdilmainâšum	ovdilmainâšum	+?

ohtsâškode	ohtsâš+A+Cmp/Attr+Cmp#kodde+N+Sg+Gen
ohtsâškode	ohtsâš+A+Cmp/Attr+Cmp#kodde+N+Sg+Acc
ohtsâškode	ohtsâš+A+Cmp/SgNom+Cmp#kodde+N+Sg+Gen
ohtsâškode	ohtsâš+A+Cmp/SgNom+Cmp#kodde+N+Sg+Acc
ohtsâškode	ohtsâš+N+Cmp/SgNom+Cmp#kodde+N+Sg+Gen
ohtsâškode	ohtsâš+N+Cmp/SgNom+Cmp#kodde+N+Sg+Acc
ohtsâškode	ohtsâš+N+Cmp/SgGen+Cmp#kodde+N+Sg+Gen
ohtsâškode	ohtsâš+N+Cmp/SgGen+Cmp#kodde+N+Sg+Acc
ohtsâškode	ohtsâškodde+N+Sg+Gen
ohtsâškode	ohtsâškodde+N+Sg+Acc

noomâd	noomâd	+?

niin	niin	+?

nievris	nievris	+?

mutta	mutta	+?

kuohâđ	kuohâđ+V+Inf
kuohâđ	kuohâđ+V+Imprt+Pl2

keksiđ	keksiđ+V+Imprt+Pl2
keksiđ	keksiđ+V+Inf

jieŋâlis	jieŋŋâl+A+Attr

Tärkkilis	tärkkil+A+Attr

Tállân	tállân+Adv

Tuárgis	Tuárgis	+?

Suillus	Suillus	+?

Rissekäskee	risse+N+Cmp/SgNom+Cmp#käskee+N+Sg+Nom
Rissekäskee	risse+N+Cmp/SgNom+Cmp#käskee+N+Sg+Gen
Rissekäskee	risse+N+Cmp/SgNom+Cmp#käskee+N+Sg+Acc
Rissekäskee	risse+N+Cmp/SgNom+Cmp#käskiđ+V+Der2+Der/NomAg+N+Sg+Gen
Rissekäskee	risse+N+Cmp/SgNom+Cmp#käskiđ+V+Der2+Der/NomAg+N+Sg+Acc
Rissekäskee	risse+N+Cmp/SgNom+Cmp#käskiđ+V+Der2+Der/NomAg+N+Sg+Nom
Rissekäskee	risse+N+Cmp/SgNom+Cmp#käskiđ+V+Der/NomAg+N+Sg+Gen
Rissekäskee	risse+N+Cmp/SgNom+Cmp#käskiđ+V+Der/NomAg+N+Sg+Acc
Rissekäskee	risse+N+Cmp/SgNom+Cmp#käskiđ+V+Der/NomAg+N+Sg+Nom

Perunämmir	Perunämmir+N+Prop+Sem/Sur+Attr
Perunämmir	Perunämmir+N+Prop+Sem/Sur+Sg+Nom
Perunämmir	Perunämmir+N+Prop+Sem/Sur+Sg+Gen
Perunämmir	Perunämmir+N+Prop+Sem/Sur+Sg+Acc
Perunämmir	Perunämmir+N+Prop+Sem/Plc+Attr
Perunämmir	Perunämmir+N+Prop+Sem/Plc+Sg+Nom
Perunämmir	Perunämmir+N+Prop+Sem/Plc+Sg+Gen
Perunämmir	Perunämmir+N+Prop+Sem/Plc+Sg+Acc

Omin	Omin	+?

Niili	Niili	+?

Nigá	Nigá+N+Prop+Sem/Mal+Attr
Nigá	Nigá+N+Prop+Sem/Mal+Sg+Gen
Nigá	Nigá+N+Prop+Sem/Mal+Sg+Acc
Nigá	Nigá+N+Prop+Sem/Mal+Sg+Nom

Lii-uvsun	Lii-uvsun	+?

Kööbenhaammân	Kööbenhaammân+N+Prop+Sem/Sur+Attr
Kööbenhaammân	Kööbenhaammân+N+Prop+Sem/Sur+Sg+Nom
Kööbenhaammân	Kööbenhaammân+N+Prop+Sem/Sur+Sg+Gen
Kööbenhaammân	Kööbenhaammân+N+Prop+Sem/Sur+Sg+Acc
Kööbenhaammân	Kööbenhaammân+N+Prop+Sem/Plc+Attr
Kööbenhaammân	Kööbenhaammân+N+Prop+Sem/Plc+Sg+Nom
Kööbenhaammân	Kööbenhaammân+N+Prop+Sem/Plc+Sg+Gen
Kööbenhaammân	Kööbenhaammân+N+Prop+Sem/Plc+Sg+Acc

Kulâ	kulâ+Interj

KAT11	KAT11	+?

Haŋgalist	Haŋgal+N+Prop+Sem/Ani+Sg+Loc

Golfvirde	Golf+N+Prop+Sem/Obj+Cmp/SgNom+Cmp#virde+N+Sg+Gen
Golfvirde	Golf+N+Prop+Sem/Obj+Cmp/SgNom+Cmp#virde+N+Sg+Acc
Golfvirde	Golf+N+Prop+Sem/Obj+Cmp/SgNom+Cmp#virde+N+Sg+Nom
Golfvirde	Golf+N+Prop+Sem/Obj+Cmp/SgGen+Cmp#virde+N+Sg+Gen
Golfvirde	Golf+N+Prop+Sem/Obj+Cmp/SgGen+Cmp#virde+N+Sg+Acc
Golfvirde	Golf+N+Prop+Sem/Obj+Cmp/SgGen+Cmp#virde+N+Sg+Nom
Golfvirde	Golfvirde+N+Prop+Sem/Sur+Attr
Golfvirde	Golfvirde+N+Prop+Sem/Sur+Sg+Nom
Golfvirde	Golfvirde+N+Prop+Sem/Sur+Sg+Gen
Golfvirde	Golfvirde+N+Prop+Sem/Sur+Sg+Acc
Golfvirde	Golfvirde+N+Prop+Sem/Plc+Attr
Golfvirde	Golfvirde+N+Prop+Sem/Plc+Sg+Nom
Golfvirde	Golfvirde+N+Prop+Sem/Plc+Sg+Gen
Golfvirde	Golfvirde+N+Prop+Sem/Plc+Sg+Acc

Astron	Astron	+?

Agaricus	Agaricus	+?

čiehčâ	čiehčâ+N+Sg+Nom

äägi	äägi	+?

viettim	viettiđ+v1+V+PrfPrc
viettim	viettiđ+v1+V+Ind+Prt+ConNeg
viettim	viettiđ+v1+V+Der2+Der/NomAct+N+Sg+Nom
viettim	viettiđ+v1+V+Der2+Der/NomAct+N+Sg+Gen
viettim	viettiđ+v1+V+Der2+Der/NomAct+N+Sg+Acc
viettim	viettiđ+v1+V+Actio+Nom
viettim	viettiđ+v1+V+Der/NomAct+N+Sg+Nom
viettim	viettiđ+v1+V+Der/NomAct+N+Sg+Gen
viettim	viettiđ+v1+V+Der/NomAct+N+Sg+Acc
viettim	viettiđ+v2+V+Der2+Der/NomAct+N+Sg+Nom
viettim	viettiđ+v2+V+Der2+Der/NomAct+N+Sg+Gen
viettim	viettiđ+v2+V+Der2+Der/NomAct+N+Sg+Acc
viettim	viettiđ+v2+V+Actio+Nom
viettim	viettiđ+v2+V+Ind+Prt+Sg1
viettim	viettiđ+v2+V+Der/NomAct+N+Sg+Nom
viettim	viettiđ+v2+V+Der/NomAct+N+Sg+Gen
viettim	viettiđ+v2+V+Der/NomAct+N+Sg+Acc

veerstah	verstâ+N+Pl+Nom

valjaas	valjaa+A+Attr

vaijaas	vaijaa+A+Attr

uv	uv+Pcle

suámálávt	suámálávt+Adv

surmiđ	surmiđ+V+Inf
surmiđ	surmiđ+V+Imprt+Pl2

polgupyeráin	polgupyerá+N+Pl+Loc
polgupyeráin	polgupyerá+N+Sg+Com

piergâs	piergâs+N+Sg+Nom
piergâs	piergâs+N+Sg+Gen
piergâs	piergâs+N+Sg+Acc

penuvryhmá	penuvryhmá	+?

peeivipaštust	peeivipaaštâ+N+Sg+Loc
peeivipaštust	peivi+N+Cmp/SgGen+Cmp#paaštâ+N+Sg+Loc

pajek	pajek	+?

ooleest	ooleest+Adv

olsis	olsis	+?

máddáákeeji	máddáá+N+Cmp/SgNom+Cmp#keeči+N+Sg+Gen
máddáákeeji	máddáá+N+Cmp/SgNom+Cmp#keeči+N+Sg+Acc

muáddilov	muáddilov	+?

kámppá	kámppá+N+Sg+Nom

kiämmán	kiämmán	+?

kirkis	kirkis	+?

kijttâlij	kijttâliđ+V+Ind+Prt+Sg3

jiehke	jiehke	+?

ilosmij	ilosmiđ+V+Ind+Prt+Sg3

hiälppu	hiälppu	+?

hiäimu	hiäimu+N+Sg+Gen
hiäimu	hiäimu+N+Sg+Acc
hiäimu	hiäimu+N+Sg+Nom

ervidiđ	ervidiđ+V+Inf
ervidiđ	ervidiđ+V+Imprt+Pl2

elleeplankton	eelliđ+V+IV+Der2+Der/NomAg+N+Cmp/SgNom+Cmp#plankton+N+Sg+Nom
elleeplankton	eelliđ+V+IV+Der2+Der/NomAg+N+Cmp/SgNom+Cmp#plankton+N+Sg+Gen
elleeplankton	eelliđ+V+IV+Der2+Der/NomAg+N+Cmp/SgNom+Cmp#plankton+N+Sg+Acc
elleeplankton	eelliđ+V+IV+Der2+Der/NomAg+N+Cmp/SgGen+Cmp#plankton+N+Sg+Nom
elleeplankton	eelliđ+V+IV+Der2+Der/NomAg+N+Cmp/SgGen+Cmp#plankton+N+Sg+Gen
elleeplankton	eelliđ+V+IV+Der2+Der/NomAg+N+Cmp/SgGen+Cmp#plankton+N+Sg+Acc
elleeplankton	eelliđ+V+IV+Der/NomAg+N+Cmp/SgNom+Cmp#plankton+N+Sg+Nom
elleeplankton	eelliđ+V+IV+Der/NomAg+N+Cmp/SgNom+Cmp#plankton+N+Sg+Gen
elleeplankton	eelliđ+V+IV+Der/NomAg+N+Cmp/SgNom+Cmp#plankton+N+Sg+Acc
elleeplankton	eelliđ+V+IV+Der/NomAg+N+Cmp/SgGen+Cmp#plankton+N+Sg+Nom
elleeplankton	eelliđ+V+IV+Der/NomAg+N+Cmp/SgGen+Cmp#plankton+N+Sg+Gen
elleeplankton	eelliđ+V+IV+Der/NomAg+N+Cmp/SgGen+Cmp#plankton+N+Sg+Acc
elleeplankton	ellee+A+Cmp/Attr+Cmp#plankton+N+Sg+Nom
elleeplankton	ellee+A+Cmp/Attr+Cmp#plankton+N+Sg+Gen
elleeplankton	ellee+A+Cmp/Attr+Cmp#plankton+N+Sg+Acc
elleeplankton	ellee+N+NomAg+Cmp/SgNom+Cmp#plankton+N+Sg+Nom
elleeplankton	ellee+N+NomAg+Cmp/SgNom+Cmp#plankton+N+Sg+Gen
elleeplankton	ellee+N+NomAg+Cmp/SgNom+Cmp#plankton+N+Sg+Acc
elleeplankton	ellee+N+NomAg+Cmp/SgGen+Cmp#plankton+N+Sg+Nom
elleeplankton	ellee+N+NomAg+Cmp/SgGen+Cmp#plankton+N+Sg+Gen
elleeplankton	ellee+N+NomAg+Cmp/SgGen+Cmp#plankton+N+Sg+Acc

alestâs	alestâs	+?

WSOY	WSOY+N+ACR+Sg+Nom
WSOY	WSOY+N+ACR+Sg+Gen
WSOY	WSOY+N+ACR+Sg+Acc

TN1995	TN1995	+?

Orvo	Orvo	+?

Njobžâvääri	njobžâ+N+Cmp/SgNom+Cmp#vääri+N+Sg+Nom
Njobžâvääri	njobžâ+N+Cmp/SgNom+Cmp#vääri+N+Sg+Gen
Njobžâvääri	njobžâ+N+Cmp/SgNom+Cmp#vääri+N+Sg+Acc

Lusme	lusme+N+Sg+Gen
Lusme	lusme+N+Sg+Acc
Lusme	lusme+N+Sg+Nom

Lontoo	Lontoo+N+Prop+Sem/Sur+Attr
Lontoo	Lontoo+N+Prop+Sem/Sur+Sg+Gen
Lontoo	Lontoo+N+Prop+Sem/Sur+Sg+Acc
Lontoo	Lontoo+N+Prop+Sem/Sur+Sg+Nom
Lontoo	Lontoo+N+Prop+Sem/Plc+Attr
Lontoo	Lontoo+N+Prop+Sem/Plc+Sg+Gen
Lontoo	Lontoo+N+Prop+Sem/Plc+Sg+Acc
Lontoo	Lontoo+N+Prop+Sem/Plc+Sg+Nom

Jovn	Jovn	+?

JOH	JOH+N+ACR+Sg+Nom
JOH	JOH+N+ACR+Sg+Gen
JOH	JOH+N+ACR+Sg+Acc

Inarin	Inari+N+Prop+Sem/Sur+Sg+Ill
Inarin	Inari+N+Prop+Sem/Plc+Sg+Ill

Inari	Inari+N+Prop+Sem/Sur+Attr
Inari	Inari+N+Prop+Sem/Sur+Sg+Acc
Inari	Inari+N+Prop+Sem/Sur+Sg+Gen
Inari	Inari+N+Prop+Sem/Sur+Sg+Nom
Inari	Inari+N+Prop+Sem/Plc+Attr
Inari	Inari+N+Prop+Sem/Plc+Sg+Acc
Inari	Inari+N+Prop+Sem/Plc+Sg+Gen
Inari	Inari+N+Prop+Sem/Plc+Sg+Nom

Henki	Henki	+?

F6	F6+Num+Arab+Sg+Nom
F6	F6+Num+Arab+Sg+Gen
F6	F6+Num+Arab+Sg+Acc
F6	F6+Num+Arab+Sg+Loc+Attr
F6	F6+Num+Arab+Sg+Ill+Attr

/c/c-*vitamin	/c/c-*vitamin	+?

šovâttem	šovâttiđ+V+Actio+Nom
šovâttem	šovâttiđ+V+Der2+Der/NomAct+N+Sg+Nom
šovâttem	šovâttiđ+V+Der2+Der/NomAct+N+Sg+Gen
šovâttem	šovâttiđ+V+Der2+Der/NomAct+N+Sg+Acc
šovâttem	šovâttiđ+V+Der/NomAct+N+Sg+Nom
šovâttem	šovâttiđ+V+Der/NomAct+N+Sg+Gen
šovâttem	šovâttiđ+V+Der/NomAct+N+Sg+Acc
šovâttem	šovâttem+N+Sg+Nom
šovâttem	šovâttem+N+Sg+Gen
šovâttem	šovâttem+N+Sg+Acc

vuossâmustáá	vuossâmustáá	+?

viettih	viettiđ+v2+V+Ind+Prs+Pl3
viettih	viettiđ+v2+V+Ind+Prt+Sg2

viehâvis	viehâv+A+Attr

uápásmâm	uápásmiđ+V+PrfPrc
uápásmâm	uápásmiđ+V+Ind+Prt+ConNeg
uápásmâm	uápásmiđ+V+Ind+Prs+Sg1

tävjittávjá	tävjittávjá+Adv

tuđâvááh	tuđâvááh	+?

tušes	tušše+A+Attr

tohokulij	tohokulij+Adv

to	to	+?

sistanneem	sistanneem	+?

sen	sen	+?

pygálusâst	pygálusâst	+?

pessim	pessiđ+V+PrfPrc
pessim	pessiđ+V+Ind+Prt+ConNeg
pessim	pessiđ+V+Der2+Der/NomAct+N+Sg+Nom
pessim	pessiđ+V+Der2+Der/NomAct+N+Sg+Gen
pessim	pessiđ+V+Der2+Der/NomAct+N+Sg+Acc
pessim	pessiđ+V+Actio+Nom
pessim	pessiđ+V+Der/NomAct+N+Sg+Nom
pessim	pessiđ+V+Der/NomAct+N+Sg+Gen
pessim	pessiđ+V+Der/NomAct+N+Sg+Acc

paajaakeččin	paajaakeččin+Adv

njäähi	njäähi+N+Sg+Nom

munnuid	munnuid	+?

loskâm	loskâđ+V+PrfPrc
loskâm	loskâđ+V+Ind+Prt+ConNeg
loskâm	loskâđ+V+Actio+Nom
loskâm	loskâđ+V+Der2+Der/NomAct+N+Sg+Nom
loskâm	loskâđ+V+Der2+Der/NomAct+N+Sg+Gen
loskâm	loskâđ+V+Der2+Der/NomAct+N+Sg+Acc
loskâm	loskâđ+V+Der/NomAct+N+Sg+Nom
loskâm	loskâđ+V+Der/NomAct+N+Sg+Gen
loskâm	loskâđ+V+Der/NomAct+N+Sg+Acc

kuávská	kuávská+N+Sg+Gen
kuávská	kuávská+N+Sg+Acc
kuávská	kuávská+N+Sg+Nom

kansaškoovlâst	kansaškovlâ+N+Sg+Loc

jävrriddoost	jävrriddoost	+?

jorgáldâskiärdu	jorgáldâskiärdu	+?

in	in	+?

iirât	irâttiđ+V+Ind+Prs+Sg3
iirât	irâttiđ+V+Ind+Prs+ConNeg
iirât	irâttiđ+V+Imprt+Sg2

ekvivalens	ekvivalens+N+Sg+Nom
ekvivalens	ekvivalens+N+Sg+Gen
ekvivalens	ekvivalens+N+Sg+Acc

eennâmverdi	eennâm+N+Cmp/SgNom+Cmp#verdi+N+Sg+Nom
eennâmverdi	eennâm+N+Cmp/SgGen+Cmp#verdi+N+Sg+Nom
eennâmverdi	eennâmverdi+N+Sg+Nom

desilitter	desilitter+N+Sg+Nom
desilitter	desilitter+N+Sg+Gen
desilitter	desilitter+N+Sg+Acc

Tessu	Tessu	+?

Sveitsi	Sveicci+Err/Orth+N+Prop+Sem/Fem+Sg+Nom
Sveitsi	Sveicci+Err/Orth+N+Prop+Sem/Fem+Sg+Gen
Sveitsi	Sveicci+Err/Orth+N+Prop+Sem/Fem+Sg+Acc

Sulgušjäävrist	Sulgušjävri+N+Prop+Sem/Sur+Sg+Loc
Sulgušjäävrist	Sulgušjävri+N+Prop+Sem/Plc+Sg+Loc

Saarelân	Saarel+N+Prop+Sem/Sur+Sg+Ill
Saarelân	Saarel+N+Prop+Sem/Plc+Sg+Ill

Pepi	Pepi	+?

Kaabi	Kaabi+N+Prop+Sem/Mal+Attr
Kaabi	Kaabi+N+Prop+Sem/Mal+Sg+Nom
Kaabi	Kaabi+N+Prop+Sem/Mal+Sg+Gen
Kaabi	Kaabi+N+Prop+Sem/Mal+Sg+Acc

KLM	KLM+N+ACR+Sg+Nom
KLM	KLM+N+ACR+Sg+Gen
KLM	KLM+N+ACR+Sg+Acc

Jáák´	Jáák´	+?

Ittinâš	ittinâš+Adv

ISBN	ISBN+N+ACR+Sg+Nom
ISBN	ISBN+N+ACR+Sg+Gen
ISBN	ISBN+N+ACR+Sg+Acc

Haŋgalân	Haŋgal+N+Prop+Sem/Ani+Sg+Ill

čuoivâg	čuoivâg+N+Sg+Nom
čuoivâg	čuoivâg+N+Sg+Gen
čuoivâg	čuoivâg+N+Sg+Acc

čovgâ	čovgâ	+?

ááicuh	ááicuh	+?

Áábráhám	Áábráhám+N+Prop+Sem/Mal+Attr
Áábráhám	Áábráhám+N+Prop+Sem/Mal+Sg+Gen
Áábráhám	Áábráhám+N+Prop+Sem/Mal+Sg+Acc
Áábráhám	Áábráhám+N+Prop+Sem/Mal+Sg+Nom

vyejestim	vyejestiđ+V+Ind+Prt+Sg1
vyejestim	vyejestiđ+V+Actio+Nom+Err/Orth

vietij	viettiđ+v2+V+Ind+Prt+Sg3

uárbis	uárbis+A+Attr
uárbis	uárbis+A+Sg+Nom

uáppáh	uáppáh	+?

tp	tp	+?

syelimâs	syelimâs	+?

suámáliih	suámálâš+N+Pl+Nom

suámálii	suámálâš+N+Sg+Gen
suámálii	suámálâš+N+Sg+Acc

stellim	stelliđ+V+TV+PrfPrc
stellim	stelliđ+V+TV+Ind+Prt+ConNeg
stellim	stelliđ+V+TV+Der2+Der/NomAct+N+Sg+Nom
stellim	stelliđ+V+TV+Der2+Der/NomAct+N+Sg+Gen
stellim	stelliđ+V+TV+Der2+Der/NomAct+N+Sg+Acc
stellim	stelliđ+V+TV+Actio+Nom
stellim	stelliđ+V+TV+Der/NomAct+N+Sg+Nom
stellim	stelliđ+V+TV+Der/NomAct+N+Sg+Gen
stellim	stelliđ+V+TV+Der/NomAct+N+Sg+Acc
stellim	stellim+N+Sg+Nom
stellim	stellim+N+Sg+Gen
stellim	stellim+N+Sg+Acc

spellâđ	spellâđ+V+Inf
spellâđ	spellâđ+V+Imprt+Pl2

sittágin	sittágin+Pcle

siipuul	siipuul+N+Sg+Nom
siipuul	siipuul+N+Sg+Gen
siipuul	siipuul+N+Sg+Acc

siilâk	siilâk	+?

pyeremusâht	pyeremusâht+Adv

pellâs	pellâs	+?

olášuteh	olášuteh	+?

njeidiđ	njeidiđ+V+TV+Inf
njeidiđ	njeidiđ+V+TV+Imprt+Pl2

maaŋgâsellâsiih	maaŋgâsellâsiih	+?

läddliih	läddlâš+N+Pl+Nom

liijkás-*uv	liijkás-*uv	+?

kuin	kuin	+?

kavpâšiđ	kavpâšiđ+V+Inf
kavpâšiđ	kavpâšiđ+V+Imprt+Pl2

kaijuid	kaijuu+N+Pl+Acc
kaijuid	kaijuu+N+Pl+Ill

kaandâh	kaandâh	+?

jiendâm	jiendâm	+?

imâštâlân	imâštâlân	+?

asettis	asettis	+?

Uárbis	uárbis+A+Attr
Uárbis	uárbis+A+Sg+Nom

Simmáán	Simmáán	+?

Miŋkki	miŋkki+N+Sg+Nom

Jáhá	Jáhá	+?

Iäskán	iäskán+Adv

Issáák	Issáák	+?

Iinâ	Iinâ+N+Prop+Sem/Fem+Attr
Iinâ	Iinâ+N+Prop+Sem/Fem+Sg+Nom
Iinâ	Iinâ+N+Prop+Sem/Fem+Sg+Gen
Iinâ	Iinâ+N+Prop+Sem/Fem+Sg+Acc

Gyromitra	Gyromitra	+?

E4	E4+Num+Arab+Sg+Nom
E4	E4+Num+Arab+Sg+Gen
E4	E4+Num+Arab+Sg+Acc
E4	E4+Num+Arab+Sg+Loc+Attr
E4	E4+Num+Arab+Sg+Ill+Attr

*predikaat	*predikaat	+?

*Mondet	*Mondet	+?

čuutij	čuutij	+?

Čovčjáávrân	Čovčjáávrân	+?

Ááddám	Ááddám+N+Prop+Sem/Mal+Attr
Ááddám	Ááddám+N+Prop+Sem/Mal+Sg+Nom
Ááddám	Ááddám+N+Prop+Sem/Mal+Sg+Gen
Ááddám	Ááddám+N+Prop+Sem/Mal+Sg+Acc

vyejestijm	vyejestiđ+V+Ind+Prt+Pl1

vuojâdiđ	vuojâdiđ+V+Inf
vuojâdiđ	vuojâdiđ+V+Imprt+Pl2

veerstâin	verstâ+N+Pl+Loc

tuámittim	tuámittiđ+V+Ind+Prt+Sg1

tutâvâš	tutâvâš+A+Sg+Nom
tutâvâš	tutâvâš+A+Attr

turviđ	turviđ+V+Inf
turviđ	turviđ+V+Imprt+Pl2

tuođânálásávt	tuođânálásâš+A+Der2+Der/AAdv+Adv
tuođânálásávt	tuođânálásâš+A+Der/AAdv+Adv

tallaš	tallaš	+?

sänitárkká	sänitárkká	+?

suoijiđ	suoijiđ+V+Inf
suoijiđ	suoijiđ+V+Imprt+Pl2

soortâ	sorttâ+N+Sg+Gen
soortâ	sorttâ+N+Sg+Acc

skääpist	skäppi+N+Sg+Loc

skooppân	skooppân+N+Sg+Nom
skooppân	skooppân+N+Sg+Gen
skooppân	skooppân+N+Sg+Acc

ryešiliih	ryešilâš+A+Pl+Nom
ryešiliih	ryešilâš+N+Pl+Nom

rovgij	rovgiđ+V+Ind+Prt+Sg3

puuzah	puzzâ+N+Pl+Nom

puovttijn	puovttijn	+?

potkânij	potkâniđ+V+Ind+Prt+Sg3

posádij	posádiđ+V+Ind+Prt+Sg3

ool	ool	+?

njäävi	njäähi+N+Sg+Gen
njäävi	njäähi+N+Sg+Acc
njäävi	njäävi+N+Sg+Nom
njäävi	njäävi+N+Sg+Gen
njäävi	njäävi+N+Sg+Acc

naabur	naabur+N+Sg+Nom
naabur	naabur+N+Sg+Gen
naabur	naabur+N+Sg+Acc

moigijn	moigiđ+V+Ind+Prt+Du3

merâpuákku	meerâ+N+Cmp/SgNom+Cmp#puákku+N+Sg+Nom
merâpuákku	merâpuákku+N+Sg+Nom

meddâlist	meddâlistiđ+V+Imprt+Sg2
meddâlist	meddâlistiđ+V+Ind+Prs+Sg3
meddâlist	meddâlistiđ+V+Ind+Prs+ConNeg

luámi	luámi+N+Sg+Nom
luámi	luámi+N+Sg+Gen
luámi	luámi+N+Sg+Acc

lopedâttâm	lopedâttâđ+V+Actio+Nom
lopedâttâm	lopedâttâđ+V+PrfPrc
lopedâttâm	lopedâttâđ+V+Ind+Prt+ConNeg
lopedâttâm	lopedâttâđ+V+Der/NomAct+N+Sg+Nom
lopedâttâm	lopedâttâđ+V+Der/NomAct+N+Sg+Gen
lopedâttâm	lopedâttâđ+V+Der/NomAct+N+Sg+Acc
lopedâttâm	lopedâttâđ+V+Der2+Der/NomAct+N+Sg+Nom
lopedâttâm	lopedâttâđ+V+Der2+Der/NomAct+N+Sg+Gen
lopedâttâm	lopedâttâđ+V+Der2+Der/NomAct+N+Sg+Acc

kuurâh	kuurâh+N+Sg+Nom
kuurâh	kuurâh+N+Sg+Gen
kuurâh	kuurâh+N+Sg+Acc

kreikâkielâsâš	kreikakielâsâš+A+Sg+Nom
kreikâkielâsâš	kreikakielâsâš+A+Attr

kooppânj	kooppâin+v2+N+Sg+Nom
kooppânj	kooppâin+v2+N+Sg+Gen
kooppânj	kooppâin+v2+N+Sg+Acc

kirjestis	kirjestis	+?

jeđđij	jeđđij	+?

hirmâdsâš	hirmâdsâš+A+Sg+Nom
hirmâdsâš	hirmâdsâš+A+Attr

fiilmâ	filmâ+N+Sg+Gen
fiilmâ	filmâ+N+Sg+Acc

ervidij	ervidiđ+V+Ind+Prt+Sg3

en	en	+?

eiduttâlde	eiduttâlde+Adv

asuntolan	asuntola+N+Ess
asuntolan	asuntola+N+Sg+Ill
asuntolan	asuntola+N+Sg+Gen+PxDu1
asuntolan	asuntola+N+Sg+Gen+PxPl1
asuntolan	asuntola+N+Sg+Gen+PxSg1
asuntolan	asuntola+N+Sg+Acc+PxDu1
asuntolan	asuntola+N+Sg+Acc+PxPl1
asuntolan	asuntola+N+Sg+Acc+PxSg1
asuntolan	asuntola+N+Sg+Nom+PxPl1
asuntolan	asuntola+N+Sg+Nom+PxDu1

adai	adai+CC

Uđâgâš	uđâgâš+N+Sg+Nom

Tuáršu	tuárššuđ+V+Ind+Prs+ConNeg
Tuáršu	tuárššuđ+V+Imprt+Sg2
Tuáršu	tuáršu+N+Sg+Gen
Tuáršu	tuáršu+N+Sg+Acc
Tuáršu	tuáršu+N+Sg+Nom

Suávvil	suávvil+N+Sg+Nom
Suávvil	suávvil+N+Sg+Gen
Suávvil	suávvil+N+Sg+Acc

Solojäävri	Solojävri+N+Prop+Sem/Sur+Sg+Gen
Solojäävri	Solojävri+N+Prop+Sem/Sur+Sg+Acc
Solojäävri	Solojävri+N+Prop+Sem/Plc+Sg+Gen
Solojäävri	Solojävri+N+Prop+Sem/Plc+Sg+Acc

Sietiö	Sietiö	+?

SA1963	SA1963	+?

Piervâlist	piervâl+N+Sg+Loc

Nuurâ	nuurrâđ+V+Imprt+ConNeg
Nuurâ	nuurrâđ+V+Ind+Prs+ConNeg
Nuurâ	nuurrâđ+V+Imprt+Sg2

Máddáápiäláá	máddáápiälááš+A+Attr
Máddáápiäláá	máddáápiälááš+A+Sg+Acc
Máddáápiäláá	máddáápiälááš+A+Sg+Gen

Kuálhismeerâ	Kuálhismeerâ	+?

KAT11/*IM	KAT11/*IM	+?

Jáákuš	Jáákuš+N+Prop+Sem/Plc+Attr
Jáákuš	Jáákuš+N+Prop+Sem/Plc+Sg+Nom

Clitocybe	Clitocybe	+?

B2	B2+Num+Arab+Sg+Nom
B2	B2+Num+Arab+Sg+Gen
B2	B2+Num+Arab+Sg+Acc
B2	B2+Num+Arab+Sg+Loc+Attr
B2	B2+Num+Arab+Sg+Ill+Attr

AVV	AVV+N+ACR+Sg+Nom
AVV	AVV+N+ACR+Sg+Gen
AVV	AVV+N+ACR+Sg+Acc

*nom	*nom	+?

/m/m*atjâs	/m/m*atjâs	+?

čuožžâd	čuožžâd+Adv

Šreva	Šreva	+?

šohânâs	šohânâs+N+Sg+Nom
šohânâs	šohânâs+N+Sg+Gen
šohânâs	šohânâs+N+Sg+Acc

čižetpel	čižetpel	+?

äävi	ääpi+N+Sg+Gen
äävi	ääpi+N+Sg+Acc

vyeijih	vyeijih	+?

viđâlov	vitlov+Num+Sg+Gen
viđâlov	vittlov+Num+Sg+Gen

vijđásub	vijđásub	+?

viestârist	viestâr+N+Sg+Loc

veerstân	verstâ+N+Sg+Ill

uáivušist	uáivuš+N+Sg+Loc

tälli	tälli	+?

táát	táát	+?

tálvástâllâđ	tálvástâllâđ+V+Inf
tálvástâllâđ	tálvástâllâđ+V+Imprt+Pl2

tuidum	toideđ+V+Der3+Der/Pass+V+IV+PrfPrc
tuidum	toideđ+V+Der3+Der/Pass+V+IV+Actio+Nom
tuidum	toideđ+V+Der3+Der/Pass+V+IV+Ind+Prt+ConNeg
tuidum	toideđ+V+Der/Pass+V+IV+PrfPrc
tuidum	toideđ+V+Der/Pass+V+IV+Actio+Nom
tuidum	toideđ+V+Der/Pass+V+IV+Ind+Prt+ConNeg

togopeht	togopeht+Pcle

tiäpuid	tiäppu+N+Pl+Acc
tiäpuid	tiäppuđ+V+Ind+Prt+Pl2

teivâsii	teivâsiđ+V+Ind+Prt+Pl3

suovsâ	suoksâ+N+Sg+Gen
suovsâ	suoksâ+N+Sg+Acc
suovsâ	suoksâđ+V+Ind+Prs+ConNeg
suovsâ	suoksâđ+V+Imprt+Sg2

sunde	sunde+N+Sg+Gen
sunde	sunde+N+Sg+Acc
sunde	sunde+N+Sg+Nom

stellij	stelliđ+V+TV+Ind+Prt+Sg3

stellee	stelliđ+V+TV+Ind+Prs+Sg3

sistetuállee	sistetuállee	+?

saksakielâ	saksakielâ+N+Sg+Nom
saksakielâ	saksakielâ+N+Sg+Gen
saksakielâ	saksakielâ+N+Sg+Acc

rottejim	ruttiđ+V+Ind+Prt+Sg1

raavâdamnâsij	raavâd+N+Cmp/SgNom+Cmp#aamnâs+N+Pl+Gen
raavâdamnâsij	raavâdaamnâs+N+Pl+Gen

pisottâl	pisottâllâđ+V+Ind+Prs+Sg3
pisottâl	pisottâllâđ+V+Ind+Prs+ConNeg
pisottâl	pisottâllâđ+V+Imprt+Sg2

pirâstittee	pirâstiđ+V+Der/Caus+V+PrsPrc
pirâstittee	pirâstiđ+V+Der/Caus+V+Imprt+Du2
pirâstittee	pirâstiđ+V+Der/Caus+V+Der2+Der/NomAg+N+Sg+Nom
pirâstittee	pirâstiđ+V+Der/Caus+V+Der2+Der/NomAg+N+Sg+Gen
pirâstittee	pirâstiđ+V+Der/Caus+V+Der2+Der/NomAg+N+Sg+Acc
pirâstittee	pirâstiđ+V+Der/Caus+V+Der/NomAg+N+Sg+Nom
pirâstittee	pirâstiđ+V+Der/Caus+V+Der/NomAg+N+Sg+Gen
pirâstittee	pirâstiđ+V+Der/Caus+V+Der/NomAg+N+Sg+Acc
pirâstittee	pirâstiđ+V+Der1+Der/Caus+V+PrsPrc
pirâstittee	pirâstiđ+V+Der1+Der/Caus+V+Imprt+Du2
pirâstittee	pirâstiđ+V+Der1+Der/Caus+V+Der2+Der/NomAg+N+Sg+Nom
pirâstittee	pirâstiđ+V+Der1+Der/Caus+V+Der2+Der/NomAg+N+Sg+Gen
pirâstittee	pirâstiđ+V+Der1+Der/Caus+V+Der2+Der/NomAg+N+Sg+Acc
pirâstittee	pirâstittee+A+Attr
pirâstittee	pirâstittee+A+Sg+Nom
pirâstittee	pirâstittee+A+Sg+Gen
pirâstittee	pirâstittee+A+Sg+Acc
pirâstittee	pirâstittiđ+V+PrsPrc
pirâstittee	pirâstittiđ+V+Imprt+Du2
pirâstittee	pirâstittiđ+V+Der2+Der/NomAg+N+Sg+Nom
pirâstittee	pirâstittiđ+V+Der2+Der/NomAg+N+Sg+Gen
pirâstittee	pirâstittiđ+V+Der2+Der/NomAg+N+Sg+Acc
pirâstittee	pirâstittiđ+V+Der/NomAg+N+Sg+Nom
pirâstittee	pirâstittiđ+V+Der/NomAg+N+Sg+Gen
pirâstittee	pirâstittiđ+V+Der/NomAg+N+Sg+Acc

peli	peli	+?

olgoláá-uv	olgoláá+Adv+Qst
olgoláá-uv	olgoláá+Adv+Foc/uv

nuávdit	nuávdittiđ+V+Imprt+Sg2
nuávdit	nuávdittiđ+V+Imprt+ConNeg
nuávdit	nuávdittiđ+V+Ind+Prs+Sg3
nuávdit	nuávdittiđ+V+Ind+Prs+ConNeg

nuurrum	nuurrâđ+V+Der3+Der/Pass+V+IV+PrfPrc+Err/Orth
nuurrum	nuurrâđ+V+Der/Pass+V+IV+PrfPrc+Err/Orth

norá	nuurrâđ+V+Ind+Prs+Sg3

njálgáht	njálgáht	+?

neeljičievvâg	neeljičievâg+N+Sg+Gen
neeljičievvâg	neeljičievâg+N+Sg+Acc

máádâs	máádâs	+?

luáštádâđâi	luáštádâttâđ+V+Ind+Prt+Sg3

loddááh	loddááš+N+Pl+Nom

laiđij	laiđiđ+V+Ind+Prt+Sg3
laiđij	läiđi+N+Pl+Gen

kyeveer	kyeppir+N+Sg+Nom

kuha	kuha+N+Sg+Gen
kuha	kuha+N+Sg+Acc
kuha	kuha+N+Sg+Nom

kiärppáá	kiärpáš+N+Sg+Gen
kiärppáá	kiärpáš+N+Sg+Acc

kilohaili	kilohaili	+?

kiksen	kikse+N+Ess

kikse	kikse+N+Sg+Gen
kikse	kikse+N+Sg+Acc
kikse	kikse+N+Sg+Nom

jâ	jâ	+?

jolgâdâs	jolgâdâs+N+Sg+Nom
jolgâdâs	jolgâdâs+N+Sg+Gen
jolgâdâs	jolgâdâs+N+Sg+Acc

jiehtinâš	jiehtinâš	+?

jiehti	jiehti	+?

irâttâm	irâttiđ+V+PrfPrc
irâttâm	irâttiđ+V+Ind+Prt+ConNeg
irâttâm	irâttiđ+V+Ind+Prs+Sg1

irâttiđ	irâttiđ+V+Imprt+Pl2
irâttiđ	irâttiđ+V+Inf

ilddest	ilddee+N+Sg+Loc

ij-uvsun	ij-uvsun	+?

fálusist	fálusist	+?

fiskisluobbâsk	fiskâd+A+Cmp/Attr+Cmp#luobbâsk+N+Sg+Nom
fiskisluobbâsk	fiskâd+A+Cmp/Attr+Cmp#luobbâsk+N+Sg+Gen
fiskisluobbâsk	fiskâd+A+Cmp/Attr+Cmp#luobbâsk+N+Sg+Acc
fiskisluobbâsk	fiskisluobbâsk+N+Sg+Nom
fiskisluobbâsk	fiskisluobbâsk+N+Sg+Gen
fiskisluobbâsk	fiskisluobbâsk+N+Sg+Acc

fattim	fattiđ+V+PrfPrc
fattim	fattiđ+V+Ind+Prt+ConNeg
fattim	fattiđ+V+Der2+Der/NomAct+N+Sg+Nom
fattim	fattiđ+V+Der2+Der/NomAct+N+Sg+Gen
fattim	fattiđ+V+Der2+Der/NomAct+N+Sg+Acc
fattim	fattiđ+V+Actio+Nom
fattim	fattiđ+V+Der/NomAct+N+Sg+Nom
fattim	fattiđ+V+Der/NomAct+N+Sg+Gen
fattim	fattiđ+V+Der/NomAct+N+Sg+Acc

ervidâm	ervidiđ+V+PrfPrc
ervidâm	ervidiđ+V+Ind+Prt+ConNeg
ervidâm	ervidiđ+V+Ind+Prs+Sg1

arvesyeje	arve+N+Cmp/SgNom+Cmp#syeji+N+Sg+Gen
arvesyeje	arve+N+Cmp/SgNom+Cmp#syeji+N+Sg+Acc
arvesyeje	arve+N+Cmp/SgGen+Cmp#syeji+N+Sg+Gen
arvesyeje	arve+N+Cmp/SgGen+Cmp#syeji+N+Sg+Acc
arvesyeje	arvesyeji+N+Sg+Gen
arvesyeje	arvesyeji+N+Sg+Acc

aauto	aauto	+?

Tâi	tâi+CC

Tasmaŋa	Tasmaŋa	+?

Samlii	Samlii	+?

Riikka	Riikka	+?

Raakel	Raakel	+?

Ovdláhháá	ovdláhháá+Adv

Limi	Limi	+?

Kohân	Kohân	+?

Juudas	Juudas+N+Prop+Sem/Mal+Attr
Juudas	Juudas+N+Prop+Sem/Mal+Sg+Nom
Juudas	Juudas+N+Prop+Sem/Mal+Sg+Gen
Juudas	Juudas+N+Prop+Sem/Mal+Sg+Acc

F7	F7+Num+Arab+Sg+Nom
F7	F7+Num+Arab+Sg+Gen
F7	F7+Num+Arab+Sg+Acc
F7	F7+Num+Arab+Sg+Loc+Attr
F7	F7+Num+Arab+Sg+Ill+Attr

F5	F5+Num+Arab+Sg+Nom
F5	F5+Num+Arab+Sg+Gen
F5	F5+Num+Arab+Sg+Acc
F5	F5+Num+Arab+Sg+Loc+Attr
F5	F5+Num+Arab+Sg+Ill+Attr

F4	F4+Num+Arab+Sg+Nom
F4	F4+Num+Arab+Sg+Gen
F4	F4+Num+Arab+Sg+Acc
F4	F4+Num+Arab+Sg+Loc+Attr
F4	F4+Num+Arab+Sg+Ill+Attr

EI	EI+N+ACR+Sg+Nom
EI	EI+N+ACR+Sg+Gen
EI	EI+N+ACR+Sg+Acc

Boletus	Boletus	+?

*atjâs	*atjâs	+?

ä	æ+N+ABBR+Attr
ä	æ+N+ABBR+Sg+Nom
ä	æ+N+ABBR+Sg+Gen
ä	æ+N+ABBR+Sg+Acc
ä	æ+CmpNP/First+N+ABBR+Attr
ä	æ+CmpNP/First+N+ABBR+Sg+Nom
ä	æ+CmpNP/First+N+ABBR+Sg+Gen
ä	æ+CmpNP/First+N+ABBR+Sg+Acc
ä	ä+N+ABBR+Attr
ä	ä+N+ABBR+Sg+Nom
ä	ä+N+ABBR+Sg+Gen
ä	ä+N+ABBR+Sg+Acc
ä	ä+CmpNP/First+N+ABBR+Attr
ä	ä+CmpNP/First+N+ABBR+Sg+Nom
ä	ä+CmpNP/First+N+ABBR+Sg+Gen
ä	ä+CmpNP/First+N+ABBR+Sg+Acc

álttár	álttár+N+Sg+Nom
álttár	álttár+N+Sg+Gen
álttár	álttár+N+Sg+Acc

á	á+N+ABBR+Attr
á	á+N+ABBR+Sg+Nom
á	á+N+ABBR+Sg+Gen
á	á+N+ABBR+Sg+Acc
á	á+CmpNP/First+N+ABBR+Attr
á	á+CmpNP/First+N+ABBR+Sg+Nom
á	á+CmpNP/First+N+ABBR+Sg+Gen
á	á+CmpNP/First+N+ABBR+Sg+Acc

à	à	+?

válduteeman	váldu+N+Cmp/SgNom+Cmp#teema+N+Ess
válduteeman	váldu+N+Cmp/SgNom+Cmp#teema+N+Sg+Ill
válduteeman	váldu+N+Cmp/SgNom+Cmp#teema+N+Sg+Gen+PxDu1
válduteeman	váldu+N+Cmp/SgNom+Cmp#teema+N+Sg+Gen+PxPl1
válduteeman	váldu+N+Cmp/SgNom+Cmp#teema+N+Sg+Gen+PxSg1
válduteeman	váldu+N+Cmp/SgNom+Cmp#teema+N+Sg+Acc+PxDu1
válduteeman	váldu+N+Cmp/SgNom+Cmp#teema+N+Sg+Acc+PxPl1
válduteeman	váldu+N+Cmp/SgNom+Cmp#teema+N+Sg+Acc+PxSg1
válduteeman	váldu+N+Cmp/SgNom+Cmp#teema+N+Sg+Nom+PxPl1
válduteeman	váldu+N+Cmp/SgNom+Cmp#teema+N+Sg+Nom+PxDu1

vuáruluvâi	vuáruluvâi+Adv

vuojâdmin	vuojâdiđ+V+Der2+Der/NomAct+N+Ess
vuojâdmin	vuojâdiđ+V+Der/NomAct+N+Ess
vuojâdmin	vuojâdiđ+V+Actio+Ess

vinnood	vinnood+Adv

vijmâg	vijmâg+Adv

verdittijn	verdittijn	+?

ucâluveh	ucâluđ+V+Ind+Prs+Pl3

tääbin	tääbin	+?

täsivávt	täsivávt	+?

tyelli	tyelli	+?

tuvkkâlij	tuvkkâliđ+V+Ind+Prt+Sg3

tundra	tundra+N+Sg+Nom
tundra	tundra+N+Sg+Gen
tundra	tundra+N+Sg+Acc

tiä	tiä	+?

tergâdumoseh	tergâd+A+Superl+Pl+Nom

taavaabel	taavaabel	+?

rottá	rottá+N+Sg+Nom

reeisust	reissu+N+Sg+Loc

rakânâs	rakânâs+N+Sg+Nom
rakânâs	rakânâs+N+Sg+Gen
rakânâs	rakânâs+N+Sg+Acc

raddaag	raddaag+Adv

pävirloostâ	pävirloostâ	+?

puustav	puustav+N+Sg+Nom
puustav	puustav+N+Sg+Gen
puustav	puustav+N+Sg+Acc

potkân	potkâ+N+Ess
potkân	potkâ+N+Sg+Nom+PxPl1
potkân	potkâ+N+Sg+Nom+PxDu1
potkân	potkâ+N+Sg+Gen+PxDu1
potkân	potkâ+N+Sg+Gen+PxPl1
potkân	potkâ+N+Sg+Gen+PxSg1
potkân	potkâ+N+Sg+Acc+PxDu1
potkân	potkâ+N+Sg+Acc+PxPl1
potkân	potkâ+N+Sg+Acc+PxSg1
potkân	potkâniđ+V+Imprt+Sg2
potkân	potkâniđ+V+Imprt+ConNeg
potkân	potkâniđ+V+Ind+Prs+Sg3
potkân	potkâniđ+V+Ind+Prs+ConNeg

piälláin	peles+v1+N+Pl+Loc
piälláin	peles+v1+N+Sg+Com

pessejeijee	pessiđ+V+Der2+Der/NomAg+N+Sg+Nom
pessejeijee	pessiđ+V+Der2+Der/NomAg+N+Sg+Gen
pessejeijee	pessiđ+V+Der2+Der/NomAg+N+Sg+Acc
pessejeijee	pessiđ+V+Der/NomAg+N+Sg+Nom
pessejeijee	pessiđ+V+Der/NomAg+N+Sg+Gen
pessejeijee	pessiđ+V+Der/NomAg+N+Sg+Acc
pessejeijee	pessiđ+V+PrsPrc

paldanâs	paldanâs	+?

